Signal_ID,Client_ID,Client_Type,Alarm_Type,Technical_Signal,Zone,Date,Time,Shift,Priority_Level,Handled_By,Agent_Seniority,Response_Time_Min,Resolution_Time_Min,Incident,Police_Called,Fire_Department_Called,Escalated,False_Alarm_Reason,Outcome_Category
S00001,C2071,Shop,Burglary,Glass Break,Zone 6 – Office,2025-04-13,00:01,3rd,Medium,E08,Junior,12,23,No,No,No,No,Animal,False Alarm – Animal
S00002,C2008,Home,Burglary,Glass Break,Zone 1 – Main Door,2025-03-16,21:02,2nd,Medium,E02,Senior,5,10,No,No,No,No,N/A,Unclassified
S00003,C2115,Warehouse,Technical,Power Loss,Zone 0 – Control Panel,2025-05-11,13:14,1st,Low,E08,Junior,15,21,No,No,No,No,Sensor Fault,False Alarm – Sensor Fault
S00004,C2087,Factory,Tamper,Tamper Detected,Zone 1 – Main Door,2025-01-21,17:13,2nd,High,E01,Senior,2,8,No,No,No,No,Maintenance,False Alarm – Maintenance
S00005,C2118,Warehouse,Tamper,Tamper Detected,Zone 0 – Control Panel,2025-03-30,07:46,1st,High,E02,Senior,2,13,No,No,No,No,Wind / Vibration,False Alarm – Wind / Vibration
S00006,C2050,Office,Fire,Smoke Detected,Zone 7 – Storage,2025-06-24,20:36,2nd,Medium,E10,Mid,5,20,No,No,No,No,Animal,False Alarm – Animal
S00007,C2026,Office,Tamper,Cover Removed,Zone 0 – Control Panel,2025-05-11,02:55,3rd,High,E05,Mid,3,10,No,No,No,No,Dust,False Alarm – Dust
S00008,C2069,Shop,Tamper,Tamper Detected,Zone 8 – Control Room,2025-03-31,10:42,1st,Low,E05,Mid,9,17,No,No,No,No,Power outage,False Alarm – Power outage
S00009,C2143,School,Burglary,Motion Detected,Zone 9 – Hallway,2025-06-21,19:59,2nd,High,E09,Junior,13,28,No,No,No,No,User error,False Alarm – User error
S00010,C2081,Factory,Burglary,Alarm Triggered,Zone 0 – Control Panel,2025-01-02,15:51,2nd,Low,E06,Junior,7,14,No,No,No,No,Wind / Vibration,False Alarm – Wind / Vibration
S00011,C2128,School,Technical,Sensor Fault,Zone 0 – Control Panel,2025-05-26,02:41,3rd,Low,E09,Junior,12,25,No,No,No,No,Maintenance,False Alarm – Maintenance
S00012,C2150,School,Tamper,Cover Removed,Zone 0 – Control Panel,2025-02-09,03:47,3rd,Medium,E06,Junior,11,20,No,No,No,No,Maintenance,False Alarm – Maintenance
S00013,C2013,Home,Burglary,Glass Break,Zone 1 – Main Door,2025-01-24,08:48,1st,Medium,E06,Junior,11,19,No,No,No,No,Animal,False Alarm – Animal
S00014,C2120,Warehouse,Fire,Gas Leak,Zone 0 – Control Panel,2025-03-06,13:38,1st,Medium,E04,Mid,6,20,No,No,No,No,Maintenance,False Alarm – Maintenance
S00015,C2088,Factory,Technical,Power Loss,Zone 1 – Main Door,2025-05-16,11:49,1st,Medium,E07,Junior,14,27,No,No,No,No,Power outage,False Alarm – Power outage
S00016,C2046,Office,Tamper,Tamper Detected,Zone 9 – Hallway,2025-01-05,03:32,3rd,Medium,E09,Junior,12,16,No,No,No,No,User error,False Alarm – User error
S00017,C2042,Office,Burglary,Motion Detected,Zone 9 – Hallway,2025-03-13,20:48,2nd,Low,E04,Mid,9,16,No,No,No,No,Animal,False Alarm – Animal
S00018,C2015,Home,Technical,Low Battery,Zone 2 – Living Room,2025-06-21,19:15,2nd,Low,E05,Mid,9,23,No,No,No,No,Power outage,False Alarm – Power outage
S00019,C2122,Warehouse,Technical,Power Restored,Zone 0 – Control Panel,2025-04-11,01:08,3rd,Low,E07,Junior,9,14,No,No,No,No,N/A,Unclassified
S00020,C2080,Factory,Fire,Heat Sensor,Zone 0 – Control Panel,2025-01-27,18:45,2nd,Critical,E01,Senior,2,32,Yes,No,Yes,Yes,N/A,Fire Confirmed
S00021,C2087,Factory,Tamper,Tamper Detected,Zone 1 – Main Door,2025-06-28,10:04,1st,Low,E04,Mid,9,14,No,No,No,No,Animal,False Alarm – Animal
S00022,C2009,Home,Panic Button,Emergency Triggered,Zone 3 – Bedroom,2025-05-31,16:57,2nd,Critical,E02,Senior,3,87,Yes,Yes,No,Yes,N/A,Fire Confirmed
S00023,C2122,Warehouse,Burglary,Glass Break,Zone 8 – Control Room,2025-01-13,14:15,1st,Low,E02,Senior,3,11,No,No,No,No,Power outage,False Alarm – Power outage
S00024,C2014,Home,Fire,Heat Sensor,Zone 9 – Hallway,2025-01-28,14:55,1st,Medium,E08,Junior,13,71,Yes,No,No,No,N/A,Confirmed Intrusion
S00025,C2049,Office,Technical,Sensor Fault,Zone 9 – Hallway,2025-05-08,02:12,3rd,Low,E04,Mid,6,15,No,No,No,No,Sensor Fault,False Alarm – Sensor Fault
S00026,C2020,Home,Technical,Low Battery,Zone 4 – Kitchen,2025-05-01,02:55,3rd,Low,E01,Senior,2,5,No,No,No,No,Power outage,False Alarm – Power outage
S00027,C2105,Warehouse,Burglary,Alarm Triggered,Zone 8 – Control Room,2025-06-04,18:10,2nd,Medium,E02,Senior,3,11,No,No,No,No,User error,False Alarm – User error
S00028,C2068,Shop,Panic Button,Duress Code,Zone 9 – Hallway,2025-04-28,07:24,1st,Critical,E03,Mid,6,92,Yes,Yes,No,Yes,N/A,Forced Entry
S00029,C2076,Factory,Technical,Low Battery,Zone 5 – Garage,2025-03-03,01:12,3rd,Low,E03,Mid,3,5,No,No,No,No,Power outage,False Alarm – Power outage
S00030,C2136,School,Burglary,Glass Break,Zone 9 – Hallway,2025-04-23,06:32,3rd,Low,E10,Mid,7,19,No,No,No,No,Animal,False Alarm – Animal
S00031,C2031,Office,Burglary,Glass Break,Zone 9 – Hallway,2025-02-23,10:25,1st,Low,E06,Junior,11,22,No,No,No,No,Maintenance,False Alarm – Maintenance
S00032,C2067,Shop,Panic Button,Duress Code,Zone 6 – Office,2025-06-09,20:59,2nd,Critical,E01,Senior,4,57,Yes,Yes,No,Yes,N/A,Forced Entry
S00033,C2019,Home,Technical,Sensor Fault,Zone 1 – Main Door,2025-05-03,12:59,1st,Low,E05,Mid,7,17,No,No,No,No,Maintenance,False Alarm – Maintenance
S00034,C2090,Factory,Burglary,Glass Break,Zone 1 – Main Door,2025-05-24,03:08,3rd,High,E03,Mid,7,91,Yes,Yes,No,Yes,N/A,Emergency Confirmed
S00035,C2142,School,Burglary,Motion Detected,Zone 6 – Office,2025-04-03,23:42,3rd,Low,E03,Mid,8,11,No,No,No,No,Animal,False Alarm – Animal
S00036,C2073,Shop,Burglary,Glass Break,Zone 7 – Storage,2025-05-28,17:17,2nd,High,E07,Junior,13,61,Yes,Yes,No,Yes,N/A,Forced Entry
S00037,C2014,Home,Technical,Sensor Fault,Zone 1 – Main Door,2025-05-08,19:57,2nd,Low,E07,Junior,9,23,No,No,No,No,Sensor Fault,False Alarm – Sensor Fault
S00038,C2068,Shop,Burglary,Motion Detected,Zone 6 – Office,2025-06-08,01:40,3rd,Critical,E05,Mid,8,24,Yes,Yes,No,Yes,N/A,Confirmed Intrusion
S00039,C2039,Office,Fire,Smoke Detected,Zone 9 – Hallway,2025-03-31,00:56,3rd,Critical,E02,Senior,4,35,Yes,No,Yes,Yes,N/A,Confirmed Intrusion
S00040,C2011,Home,Tamper,Tamper Detected,Zone 3 – Bedroom,2025-01-09,11:23,1st,Low,E08,Junior,12,27,No,No,No,No,Maintenance,False Alarm – Maintenance
S00041,C2040,Office,Tamper,Tamper Detected,Zone 6 – Office,2025-05-28,05:39,3rd,Low,E06,Junior,11,24,No,No,No,No,N/A,Unclassified
S00042,C2106,Warehouse,Tamper,Cover Removed,Zone 5 – Garage,2025-04-22,12:50,1st,Low,E01,Senior,3,5,No,No,No,No,Environmental,False Alarm – Environmental
S00043,C2052,Shop,Fire,Gas Leak,Zone 9 – Hallway,2025-05-08,14:14,1st,Critical,E03,Mid,6,8,No,No,No,No,User error,False Alarm – User error
S00044,C2085,Factory,Tamper,Tamper Detected,Zone 8 – Control Room,2025-02-17,02:25,3rd,Medium,E08,Junior,11,26,No,No,No,No,Wind / Vibration,False Alarm – Wind / Vibration
S00045,C2030,Office,Panic Button,Emergency Triggered,Zone 8 – Control Room,2025-05-25,12:01,1st,Critical,E04,Mid,4,63,Yes,Yes,No,Yes,N/A,Emergency Confirmed
S00046,C2131,School,Fire,Gas Leak,Zone 1 – Main Door,2025-06-07,05:38,3rd,High,E09,Junior,12,27,Yes,No,Yes,Yes,N/A,Fire Confirmed
S00047,C2018,Home,Fire,Gas Leak,Zone 9 – Hallway,2025-01-27,20:27,2nd,Critical,E05,Mid,8,61,Yes,No,Yes,Yes,N/A,Emergency Confirmed
S00048,C2104,Warehouse,Panic Button,Emergency Triggered,Zone 7 – Storage,2025-03-02,21:20,2nd,Critical,E06,Junior,11,48,Yes,Yes,No,Yes,N/A,Emergency Confirmed
S00049,C2001,Home,Fire,Gas Leak,Zone 3 – Bedroom,2025-01-17,05:35,3rd,High,E03,Mid,7,14,No,No,No,No,Wind / Vibration,False Alarm – Wind / Vibration
S00050,C2114,Warehouse,Fire,Heat Sensor,Zone 5 – Garage,2025-02-06,06:28,3rd,Critical,E09,Junior,12,16,No,No,No,No,Wind / Vibration,False Alarm – Wind / Vibration
S00051,C2132,School,Burglary,Alarm Triggered,Zone 8 – Control Room,2025-04-09,00:18,3rd,Low,E04,Mid,6,12,No,No,No,No,Wind / Vibration,False Alarm – Wind / Vibration
S00052,C2051,Shop,Panic Button,Emergency Triggered,Zone 6 – Office,2025-03-08,10:51,1st,High,E09,Junior,9,33,Yes,Yes,No,Yes,N/A,Forced Entry
S00053,C2148,School,Burglary,Motion Detected,Zone 9 – Hallway,2025-02-27,05:56,3rd,Critical,E02,Senior,2,17,Yes,Yes,No,Yes,N/A,Confirmed Intrusion
S00054,C2046,Office,Technical,Sensor Fault,Zone 7 – Storage,2025-05-07,21:14,2nd,Low,E07,Junior,15,24,No,No,No,No,Power outage,False Alarm – Power outage
S00055,C2119,Warehouse,Tamper,Cover Removed,Zone 0 – Control Panel,2025-06-10,09:51,1st,High,E06,Junior,9,17,No,No,No,No,Maintenance,False Alarm – Maintenance
S00056,C2041,Office,Technical,Sensor Fault,Zone 7 – Storage,2025-02-19,06:57,3rd,Medium,E05,Mid,4,19,No,No,No,No,Maintenance,False Alarm – Maintenance
S00057,C2134,School,Burglary,Motion Detected,Zone 0 – Control Panel,2025-02-26,19:49,2nd,Medium,E01,Senior,2,7,No,No,No,No,Dust,False Alarm – Dust
S00058,C2082,Factory,Fire,Smoke Detected,Zone 7 – Storage,2025-04-25,11:21,1st,High,E02,Senior,2,36,Yes,No,Yes,Yes,N/A,Fire Confirmed
S00059,C2105,Warehouse,Burglary,Motion Detected,Zone 7 – Storage,2025-03-27,08:26,1st,Critical,E10,Mid,8,76,Yes,Yes,No,Yes,N/A,Forced Entry
S00060,C2148,School,Technical,Sensor Fault,Zone 0 – Control Panel,2025-02-18,07:54,1st,Low,E04,Mid,7,21,No,No,No,No,Sensor Fault,False Alarm – Sensor Fault
S00061,C2108,Warehouse,Tamper,Tamper Detected,Zone 0 – Control Panel,2025-04-11,21:54,2nd,High,E03,Mid,5,13,No,No,No,No,Animal,False Alarm – Animal
S00062,C2104,Warehouse,Fire,Gas Leak,Zone 5 – Garage,2025-04-19,12:42,1st,High,E07,Junior,12,23,No,No,No,No,Power outage,False Alarm – Power outage
S00063,C2110,Warehouse,Technical,Sensor Fault,Zone 5 – Garage,2025-06-17,23:05,3rd,Low,E05,Mid,9,16,No,No,No,No,N/A,Unclassified
S00064,C2084,Factory,Tamper,Cover Removed,Zone 8 – Control Room,2025-03-04,18:29,2nd,Medium,E03,Mid,5,20,No,No,No,No,Dust,False Alarm – Dust
S00065,C2005,Home,Fire,Heat Sensor,Zone 9 – Hallway,2025-04-27,08:30,1st,Medium,E07,Junior,7,10,No,No,No,No,Wind / Vibration,False Alarm – Wind / Vibration
S00066,C2008,Home,Tamper,Tamper Detected,Zone 2 – Living Room,2025-04-28,23:48,3rd,Low,E03,Mid,6,18,No,No,No,No,Power outage,False Alarm – Power outage
S00067,C2056,Shop,Tamper,Cover Removed,Zone 9 – Hallway,2025-01-16,16:36,2nd,Medium,E05,Mid,5,18,No,No,No,No,Wind / Vibration,False Alarm – Wind / Vibration
S00068,C2042,Office,Burglary,Glass Break,Zone 8 – Control Room,2025-03-27,08:49,1st,Low,E01,Senior,2,10,No,No,No,No,Power outage,False Alarm – Power outage
S00069,C2063,Shop,Tamper,Cover Removed,Zone 1 – Main Door,2025-04-04,02:04,3rd,Low,E05,Mid,7,14,No,No,No,No,Animal,False Alarm – Animal
S00070,C2095,Factory,Fire,Heat Sensor,Zone 1 – Main Door,2025-02-08,13:42,1st,Critical,E05,Mid,5,82,Yes,No,Yes,Yes,N/A,Confirmed Intrusion
S00071,C2118,Warehouse,Technical,Sensor Fault,Zone 5 – Garage,2025-01-10,05:23,3rd,Low,E03,Mid,12,23,No,No,No,No,Sensor Fault,False Alarm – Sensor Fault
S00072,C2112,Warehouse,Technical,Power Loss,Zone 0 – Control Panel,2025-01-04,22:29,2nd,Low,E09,Junior,11,17,No,No,No,No,Power outage,False Alarm – Power outage
S00073,C2119,Warehouse,Technical,Sensor Fault,Zone 0 – Control Panel,2025-05-08,22:15,2nd,Low,E07,Junior,8,12,No,No,No,No,Sensor Fault,False Alarm – Sensor Fault
S00074,C2091,Factory,Tamper,Cover Removed,Zone 8 – Control Room,2025-06-28,06:13,3rd,Medium,E08,Junior,18,21,No,No,No,No,User error,False Alarm – User error
S00075,C2105,Warehouse,Burglary,Motion Detected,Zone 8 – Control Room,2025-06-17,02:46,3rd,Medium,E01,Senior,2,11,No,No,No,No,Power outage,False Alarm – Power outage
S00076,C2076,Factory,Fire,Gas Leak,Zone 5 – Garage,2025-03-22,15:05,2nd,High,E07,Junior,9,84,Yes,No,Yes,Yes,N/A,Emergency Confirmed
S00077,C2141,School,Fire,Gas Leak,Zone 6 – Office,2025-06-11,13:47,1st,Critical,E05,Mid,8,38,Yes,No,Yes,Yes,N/A,Fire Confirmed
S00078,C2138,School,Technical,Power Restored,Zone 9 – Hallway,2025-04-30,04:07,3rd,Low,E04,Mid,7,20,No,No,No,No,Sensor Fault,False Alarm – Sensor Fault
S00079,C2050,Office,Panic Button,Emergency Triggered,Zone 8 – Control Room,2025-05-18,19:06,2nd,Critical,E04,Mid,6,89,Yes,Yes,No,Yes,N/A,Fire Confirmed
S00080,C2014,Home,Technical,Power Loss,Zone 5 – Garage,2025-04-06,11:02,1st,Low,E08,Junior,19,30,No,No,No,No,Power outage,False Alarm – Power outage
S00081,C2123,Warehouse,Tamper,Cover Removed,Zone 8 – Control Room,2025-04-23,03:30,3rd,Low,E03,Mid,8,17,No,No,No,No,Environmental,False Alarm – Environmental
S00082,C2017,Home,Burglary,Alarm Triggered,Zone 4 – Kitchen,2025-03-25,00:52,3rd,Low,E09,Junior,6,10,No,No,No,No,User error,False Alarm – User error
S00083,C2064,Shop,Technical,Sensor Fault,Zone 1 – Main Door,2025-06-26,11:05,1st,Low,E08,Junior,19,25,No,No,No,No,N/A,Unclassified
S00084,C2146,School,Fire,Smoke Detected,Zone 8 – Control Room,2025-05-08,21:19,2nd,Medium,E02,Senior,2,8,No,No,No,No,User error,False Alarm – User error
S00085,C2062,Shop,Burglary,Motion Detected,Zone 6 – Office,2025-03-10,08:10,1st,Low,E07,Junior,13,24,No,No,No,No,Wind / Vibration,False Alarm – Wind / Vibration
S00086,C2009,Home,Technical,Power Loss,Zone 2 – Living Room,2025-02-26,14:18,1st,Low,E10,Mid,9,12,No,No,No,No,N/A,Unclassified
S00087,C2068,Shop,Fire,Heat Sensor,Zone 8 – Control Room,2025-05-22,18:59,2nd,High,E08,Junior,16,50,Yes,No,Yes,Yes,N/A,Emergency Confirmed
S00088,C2016,Home,Technical,Power Loss,Zone 2 – Living Room,2025-03-17,01:04,3rd,Low,E08,Junior,11,24,No,No,No,No,N/A,Unclassified
S00089,C2104,Warehouse,Burglary,Motion Detected,Zone 7 – Storage,2025-01-07,19:44,2nd,Critical,E03,Mid,4,74,Yes,Yes,No,Yes,N/A,Emergency Confirmed
S00090,C2024,Home,Fire,Heat Sensor,Zone 2 – Living Room,2025-05-16,19:01,2nd,Medium,E08,Junior,17,26,No,No,No,No,User error,False Alarm – User error
S00091,C2072,Shop,Tamper,Cover Removed,Zone 6 – Office,2025-03-12,06:58,3rd,High,E04,Mid,3,10,No,No,No,No,Power outage,False Alarm – Power outage
S00092,C2027,Office,Fire,Gas Leak,Zone 6 – Office,2025-03-31,12:42,1st,Critical,E02,Senior,4,19,No,No,No,No,Power outage,False Alarm – Power outage
S00093,C2023,Home,Burglary,Alarm Triggered,Zone 3 – Bedroom,2025-05-06,07:29,1st,High,E02,Senior,4,84,Yes,Yes,No,Yes,N/A,Confirmed Intrusion
S00094,C2014,Home,Fire,Heat Sensor,Zone 2 – Living Room,2025-04-02,06:26,3rd,Critical,E02,Senior,3,74,Yes,No,Yes,Yes,N/A,Confirmed Intrusion
S00095,C2141,School,Fire,Gas Leak,Zone 9 – Hallway,2025-02-25,18:17,2nd,Critical,E06,Junior,11,23,No,No,No,No,Animal,False Alarm – Animal
S00096,C2041,Office,Panic Button,Emergency Triggered,Zone 8 – Control Room,2025-02-16,02:45,3rd,Critical,E10,Mid,8,37,Yes,Yes,No,Yes,N/A,Forced Entry
S00097,C2040,Office,Technical,Power Loss,Zone 0 – Control Panel,2025-06-13,16:41,2nd,Low,E06,Junior,14,23,No,No,No,No,N/A,Unclassified
S00098,C2142,School,Tamper,Cover Removed,Zone 9 – Hallway,2025-06-08,02:29,3rd,Low,E04,Mid,9,24,No,No,No,No,User error,False Alarm – User error
S00099,C2107,Warehouse,Burglary,Motion Detected,Zone 7 – Storage,2025-01-12,00:17,3rd,High,E04,Mid,6,21,No,No,No,No,Dust,False Alarm – Dust
S00100,C2039,Office,Fire,Heat Sensor,Zone 0 – Control Panel,2025-05-02,14:55,1st,Critical,E02,Senior,2,86,Yes,No,Yes,Yes,N/A,Forced Entry
S00101,C2083,Factory,Fire,Heat Sensor,Zone 5 – Garage,2025-06-27,14:59,1st,High,E03,Mid,6,14,No,No,No,No,Environmental,False Alarm – Environmental
S00102,C2122,Warehouse,Panic Button,Duress Code,Zone 8 – Control Room,2025-06-10,15:20,2nd,Critical,E02,Senior,3,82,Yes,Yes,No,Yes,N/A,Emergency Confirmed
S00103,C2113,Warehouse,Technical,Sensor Fault,Zone 1 – Main Door,2025-05-21,00:55,3rd,Low,E09,Junior,12,27,No,No,No,No,N/A,Unclassified
S00104,C2121,Warehouse,Technical,Power Loss,Zone 7 – Storage,2025-01-10,01:04,3rd,Medium,E01,Senior,3,18,No,No,No,No,Sensor Fault,False Alarm – Sensor Fault
S00105,C2125,Warehouse,Tamper,Tamper Detected,Zone 0 – Control Panel,2025-04-29,21:20,2nd,Low,E05,Mid,6,11,No,No,No,No,Dust,False Alarm – Dust
S00106,C2026,Office,Technical,Low Battery,Zone 7 – Storage,2025-02-28,00:27,3rd,Medium,E05,Mid,10,12,No,No,No,No,Sensor Fault,False Alarm – Sensor Fault
S00107,C2015,Home,Burglary,Alarm Triggered,Zone 3 – Bedroom,2025-04-09,07:20,1st,High,E01,Senior,2,13,No,No,No,No,Power outage,False Alarm – Power outage
S00108,C2045,Office,Panic Button,Duress Code,Zone 1 – Main Door,2025-05-13,01:10,3rd,Critical,E06,Junior,15,59,Yes,Yes,No,Yes,N/A,Forced Entry
S00109,C2066,Shop,Fire,Smoke Detected,Zone 8 – Control Room,2025-06-14,03:29,3rd,Critical,E02,Senior,2,5,No,No,No,No,User error,False Alarm – User error
S00110,C2077,Factory,Burglary,Motion Detected,Zone 0 – Control Panel,2025-06-22,22:22,2nd,High,E07,Junior,9,24,No,No,No,No,Power outage,False Alarm – Power outage
S00111,C2061,Shop,Burglary,Motion Detected,Zone 9 – Hallway,2025-02-01,14:06,1st,High,E01,Senior,1,3,No,No,No,No,Dust,False Alarm – Dust
S00112,C2003,Home,Technical,Low Battery,Zone 5 – Garage,2025-01-03,21:17,2nd,Medium,E06,Junior,10,24,No,No,No,No,Sensor Fault,False Alarm – Sensor Fault
S00113,C2091,Factory,Technical,Power Restored,Zone 5 – Garage,2025-05-13,10:38,1st,Low,E06,Junior,4,16,No,No,No,No,Maintenance,False Alarm – Maintenance
S00114,C2011,Home,Technical,Sensor Fault,Zone 3 – Bedroom,2025-03-26,16:57,2nd,Low,E09,Junior,9,12,No,No,No,No,Maintenance,False Alarm – Maintenance
S00115,C2107,Warehouse,Tamper,Tamper Detected,Zone 5 – Garage,2025-02-07,19:20,2nd,Low,E06,Junior,11,21,No,No,No,No,Dust,False Alarm – Dust
S00116,C2043,Office,Technical,Sensor Fault,Zone 8 – Control Room,2025-06-15,19:53,2nd,Low,E04,Mid,6,20,No,No,No,No,Sensor Fault,False Alarm – Sensor Fault
S00117,C2020,Home,Technical,Power Restored,Zone 2 – Living Room,2025-04-16,00:29,3rd,Medium,E02,Senior,3,6,No,No,No,No,Sensor Fault,False Alarm – Sensor Fault
S00118,C2068,Shop,Technical,Low Battery,Zone 7 – Storage,2025-03-25,21:00,2nd,Medium,E05,Mid,8,19,No,No,No,No,Sensor Fault,False Alarm – Sensor Fault
S00119,C2096,Factory,Burglary,Motion Detected,Zone 1 – Main Door,2025-05-06,21:52,2nd,Medium,E01,Senior,1,8,No,No,No,No,Maintenance,False Alarm – Maintenance
S00120,C2017,Home,Fire,Gas Leak,Zone 9 – Hallway,2025-01-25,02:41,3rd,Critical,E05,Mid,8,28,Yes,No,Yes,Yes,N/A,Confirmed Intrusion
S00121,C2030,Office,Burglary,Glass Break,Zone 1 – Main Door,2025-06-27,19:31,2nd,Medium,E08,Junior,15,28,No,No,No,No,Wind / Vibration,False Alarm – Wind / Vibration
S00122,C2040,Office,Burglary,Motion Detected,Zone 0 – Control Panel,2025-01-22,13:37,1st,Low,E05,Mid,4,6,No,No,No,No,Dust,False Alarm – Dust
S00123,C2114,Warehouse,Burglary,Glass Break,Zone 8 – Control Room,2025-03-31,04:13,3rd,High,E04,Mid,6,90,Yes,Yes,No,Yes,N/A,Emergency Confirmed
S00124,C2071,Shop,Burglary,Glass Break,Zone 6 – Office,2025-02-16,15:25,2nd,Critical,E07,Junior,10,27,Yes,Yes,No,Yes,N/A,Confirmed Intrusion
S00125,C2033,Office,Burglary,Glass Break,Zone 9 – Hallway,2025-03-04,20:15,2nd,Low,E08,Junior,12,17,No,No,No,No,Maintenance,False Alarm – Maintenance
S00126,C2038,Office,Fire,Smoke Detected,Zone 9 – Hallway,2025-06-29,10:21,1st,Critical,E04,Mid,5,15,No,No,No,No,User error,False Alarm – User error
S00127,C2045,Office,Fire,Heat Sensor,Zone 1 – Main Door,2025-01-28,19:51,2nd,Medium,E07,Junior,13,73,Yes,No,No,No,N/A,Fire Confirmed
S00128,C2045,Office,Burglary,Glass Break,Zone 8 – Control Room,2025-04-17,20:01,2nd,Medium,E05,Mid,7,10,No,No,No,No,Wind / Vibration,False Alarm – Wind / Vibration
S00129,C2093,Factory,Burglary,Motion Detected,Zone 7 – Storage,2025-04-25,14:28,1st,Low,E04,Mid,6,8,No,No,No,No,Maintenance,False Alarm – Maintenance
S00130,C2008,Home,Burglary,Alarm Triggered,Zone 1 – Main Door,2025-02-13,11:29,1st,Critical,E03,Mid,5,76,Yes,Yes,No,Yes,N/A,Confirmed Intrusion
S00131,C2038,Office,Fire,Smoke Detected,Zone 1 – Main Door,2025-05-18,00:20,3rd,Critical,E01,Senior,4,60,Yes,No,Yes,Yes,N/A,Forced Entry
S00132,C2130,School,Panic Button,Duress Code,Zone 8 – Control Room,2025-01-08,19:29,2nd,High,E04,Mid,9,21,No,No,No,No,Wind / Vibration,False Alarm – Wind / Vibration
S00133,C2116,Warehouse,Tamper,Cover Removed,Zone 5 – Garage,2025-04-11,18:27,2nd,Medium,E06,Junior,7,10,No,No,No,No,Wind / Vibration,False Alarm – Wind / Vibration
S00134,C2081,Factory,Fire,Gas Leak,Zone 8 – Control Room,2025-05-30,12:27,1st,High,E05,Mid,8,23,No,No,No,No,Animal,False Alarm – Animal
S00135,C2111,Warehouse,Burglary,Motion Detected,Zone 1 – Main Door,2025-04-04,08:05,1st,High,E03,Mid,2,12,No,No,No,No,Maintenance,False Alarm – Maintenance
S00136,C2032,Office,Technical,Power Loss,Zone 0 – Control Panel,2025-02-05,04:42,3rd,Medium,E06,Junior,12,18,No,No,No,No,Power outage,False Alarm – Power outage
S00137,C2027,Office,Technical,Power Restored,Zone 9 – Hallway,2025-03-16,03:22,3rd,Low,E03,Mid,7,22,No,No,No,No,Maintenance,False Alarm – Maintenance
S00138,C2143,School,Fire,Smoke Detected,Zone 6 – Office,2025-03-20,16:22,2nd,Critical,E07,Junior,8,94,Yes,No,Yes,Yes,N/A,Confirmed Intrusion
S00139,C2047,Office,Burglary,Motion Detected,Zone 8 – Control Room,2025-05-13,11:01,1st,High,E05,Mid,4,19,No,No,No,No,User error,False Alarm – User error
S00140,C2103,Warehouse,Tamper,Tamper Detected,Zone 1 – Main Door,2025-02-16,01:36,3rd,Low,E02,Senior,3,11,No,No,No,No,Power outage,False Alarm – Power outage
S00141,C2041,Office,Fire,Gas Leak,Zone 8 – Control Room,2025-05-06,14:21,1st,Critical,E04,Mid,7,9,No,No,No,No,Animal,False Alarm – Animal
S00142,C2013,Home,Panic Button,Emergency Triggered,Zone 9 – Hallway,2025-01-10,17:10,2nd,Critical,E02,Senior,2,73,Yes,Yes,No,Yes,N/A,Forced Entry
S00143,C2132,School,Burglary,Alarm Triggered,Zone 1 – Main Door,2025-06-17,03:13,3rd,Critical,E05,Mid,8,98,Yes,Yes,No,Yes,N/A,Forced Entry
S00144,C2057,Shop,Technical,Low Battery,Zone 9 – Hallway,2025-06-01,19:02,2nd,Low,E02,Senior,4,18,No,No,No,No,Maintenance,False Alarm – Maintenance
S00145,C2066,Shop,Technical,Power Loss,Zone 0 – Control Panel,2025-03-10,01:48,3rd,Low,E02,Senior,3,7,No,No,No,No,N/A,Unclassified
S00146,C2137,School,Technical,Power Loss,Zone 9 – Hallway,2025-03-17,17:24,2nd,Low,E07,Junior,11,19,No,No,No,No,Power outage,False Alarm – Power outage
S00147,C2020,Home,Burglary,Motion Detected,Zone 3 – Bedroom,2025-03-01,23:29,3rd,Critical,E06,Junior,9,77,Yes,Yes,No,Yes,N/A,Emergency Confirmed
S00148,C2006,Home,Tamper,Tamper Detected,Zone 3 – Bedroom,2025-06-14,00:25,3rd,High,E06,Junior,9,17,No,No,No,No,Animal,False Alarm – Animal
S00149,C2112,Warehouse,Panic Button,Duress Code,Zone 0 – Control Panel,2025-05-12,08:15,1st,High,E07,Junior,16,74,Yes,Yes,No,Yes,N/A,Fire Confirmed
S00150,C2044,Office,Burglary,Motion Detected,Zone 1 – Main Door,2025-02-01,20:49,2nd,Low,E07,Junior,10,17,No,No,No,No,Environmental,False Alarm – Environmental
S00151,C2038,Office,Fire,Smoke Detected,Zone 6 – Office,2025-05-23,20:46,2nd,High,E04,Mid,6,40,Yes,No,Yes,Yes,N/A,Confirmed Intrusion
S00152,C2127,School,Burglary,Motion Detected,Zone 0 – Control Panel,2025-04-14,17:49,2nd,Critical,E08,Junior,17,26,No,No,No,No,User error,False Alarm – User error
S00153,C2114,Warehouse,Tamper,Cover Removed,Zone 7 – Storage,2025-05-15,00:30,3rd,Low,E02,Senior,3,12,No,No,No,No,Power outage,False Alarm – Power outage
S00154,C2095,Factory,Burglary,Glass Break,Zone 8 – Control Room,2025-06-04,23:03,3rd,Low,E04,Mid,9,20,No,No,No,No,Power outage,False Alarm – Power outage
S00155,C2147,School,Burglary,Alarm Triggered,Zone 9 – Hallway,2025-06-04,23:28,3rd,Critical,E04,Mid,8,80,Yes,No,No,No,N/A,Confirmed Intrusion
S00156,C2022,Home,Panic Button,Emergency Triggered,Zone 5 – Garage,2025-04-07,12:45,1st,High,E04,Mid,8,79,Yes,Yes,No,Yes,N/A,Fire Confirmed
S00157,C2073,Shop,Fire,Gas Leak,Zone 9 – Hallway,2025-04-19,12:23,1st,Critical,E06,Junior,9,21,No,No,No,No,Wind / Vibration,False Alarm – Wind / Vibration
S00158,C2085,Factory,Burglary,Motion Detected,Zone 1 – Main Door,2025-03-17,04:04,3rd,Critical,E04,Mid,6,40,Yes,Yes,No,Yes,N/A,Emergency Confirmed
S00159,C2037,Office,Burglary,Alarm Triggered,Zone 8 – Control Room,2025-06-13,16:37,2nd,Critical,E02,Senior,1,26,Yes,Yes,No,Yes,N/A,Emergency Confirmed
S00160,C2085,Factory,Tamper,Tamper Detected,Zone 5 – Garage,2025-02-16,13:41,1st,High,E09,Junior,14,20,No,No,No,No,N/A,Unclassified
S00161,C2088,Factory,Tamper,Tamper Detected,Zone 0 – Control Panel,2025-04-14,17:13,2nd,Low,E01,Senior,4,19,No,No,No,No,Dust,False Alarm – Dust
S00162,C2139,School,Tamper,Tamper Detected,Zone 8 – Control Room,2025-04-30,08:32,1st,Medium,E08,Junior,17,32,No,No,No,No,User error,False Alarm – User error
S00163,C2113,Warehouse,Fire,Gas Leak,Zone 1 – Main Door,2025-01-31,17:46,2nd,Critical,E06,Junior,8,19,No,No,No,No,Power outage,False Alarm – Power outage
S00164,C2115,Warehouse,Burglary,Motion Detected,Zone 5 – Garage,2025-05-29,11:48,1st,Medium,E08,Junior,17,22,No,No,No,No,Environmental,False Alarm – Environmental
S00165,C2147,School,Fire,Gas Leak,Zone 0 – Control Panel,2025-01-01,04:43,3rd,Critical,E04,Mid,6,10,No,No,No,No,Power outage,False Alarm – Power outage
S00166,C2036,Office,Tamper,Tamper Detected,Zone 8 – Control Room,2025-05-17,10:51,1st,High,E06,Junior,10,23,No,No,No,No,Animal,False Alarm – Animal
S00167,C2022,Home,Panic Button,Duress Code,Zone 2 – Living Room,2025-02-04,16:18,2nd,Critical,E08,Junior,9,12,No,No,No,No,Power outage,False Alarm – Power outage
S00168,C2116,Warehouse,Panic Button,Emergency Triggered,Zone 7 – Storage,2025-06-11,02:52,3rd,Critical,E01,Senior,1,46,Yes,Yes,No,Yes,N/A,Forced Entry
S00169,C2058,Shop,Panic Button,Duress Code,Zone 1 – Main Door,2025-06-28,08:23,1st,High,E02,Senior,2,6,No,No,No,No,Environmental,False Alarm – Environmental
S00170,C2074,Shop,Tamper,Tamper Detected,Zone 9 – Hallway,2025-06-03,09:02,1st,High,E03,Mid,8,11,No,No,No,No,N/A,Unclassified
S00171,C2056,Shop,Panic Button,Duress Code,Zone 6 – Office,2025-03-25,15:16,2nd,High,E08,Junior,9,11,No,No,No,No,Animal,False Alarm – Animal
S00172,C2118,Warehouse,Burglary,Glass Break,Zone 1 – Main Door,2025-03-12,18:26,2nd,Critical,E06,Junior,11,91,Yes,Yes,No,Yes,N/A,Fire Confirmed
S00173,C2110,Warehouse,Burglary,Motion Detected,Zone 1 – Main Door,2025-05-03,01:18,3rd,High,E05,Mid,4,29,Yes,Yes,No,Yes,N/A,Emergency Confirmed
S00174,C2140,School,Burglary,Motion Detected,Zone 8 – Control Room,2025-05-24,16:33,2nd,Low,E08,Junior,22,29,No,No,No,No,Power outage,False Alarm – Power outage
S00175,C2005,Home,Panic Button,Emergency Triggered,Zone 3 – Bedroom,2025-06-24,19:47,2nd,Critical,E04,Mid,10,38,Yes,Yes,No,Yes,N/A,Emergency Confirmed
S00176,C2091,Factory,Technical,Power Loss,Zone 7 – Storage,2025-05-12,09:02,1st,Low,E09,Junior,11,24,No,No,No,No,N/A,Unclassified
S00177,C2047,Office,Technical,Low Battery,Zone 6 – Office,2025-02-01,14:40,1st,Medium,E06,Junior,14,16,No,No,No,No,Maintenance,False Alarm – Maintenance
S00178,C2011,Home,Tamper,Cover Removed,Zone 3 – Bedroom,2025-03-08,10:56,1st,High,E01,Senior,1,3,No,No,No,No,Dust,False Alarm – Dust
S00179,C2092,Factory,Panic Button,Duress Code,Zone 1 – Main Door,2025-02-23,10:18,1st,Critical,E07,Junior,16,82,Yes,Yes,No,Yes,N/A,Forced Entry
S00180,C2048,Office,Tamper,Cover Removed,Zone 0 – Control Panel,2025-02-04,13:21,1st,Medium,E08,Junior,13,16,No,No,No,No,Environmental,False Alarm – Environmental
S00181,C2111,Warehouse,Tamper,Tamper Detected,Zone 0 – Control Panel,2025-05-24,21:05,2nd,Medium,E03,Mid,8,14,No,No,No,No,Wind / Vibration,False Alarm – Wind / Vibration
S00182,C2110,Warehouse,Tamper,Cover Removed,Zone 5 – Garage,2025-01-07,19:28,2nd,Medium,E08,Junior,11,22,No,No,No,No,Dust,False Alarm – Dust
S00183,C2015,Home,Panic Button,Duress Code,Zone 1 – Main Door,2025-04-22,13:17,1st,Critical,E03,Mid,4,39,Yes,Yes,No,Yes,N/A,Confirmed Intrusion
S00184,C2113,Warehouse,Burglary,Glass Break,Zone 1 – Main Door,2025-05-10,17:54,2nd,Low,E08,Junior,14,25,No,No,No,No,Power outage,False Alarm – Power outage
S00185,C2040,Office,Panic Button,Duress Code,Zone 7 – Storage,2025-02-06,15:38,2nd,Critical,E03,Mid,7,95,Yes,Yes,No,Yes,N/A,Fire Confirmed
S00186,C2081,Factory,Burglary,Glass Break,Zone 8 – Control Room,2025-03-27,04:25,3rd,Low,E06,Junior,10,48,Yes,No,No,No,N/A,Forced Entry
S00187,C2144,School,Technical,Power Loss,Zone 1 – Main Door,2025-02-28,05:58,3rd,Low,E05,Mid,11,22,No,No,No,No,Maintenance,False Alarm – Maintenance
S00188,C2126,School,Tamper,Tamper Detected,Zone 9 – Hallway,2025-04-13,11:44,1st,Low,E05,Mid,8,17,No,No,No,No,Wind / Vibration,False Alarm – Wind / Vibration
S00189,C2082,Factory,Burglary,Motion Detected,Zone 8 – Control Room,2025-06-03,16:51,2nd,Low,E03,Mid,7,22,No,No,No,No,Dust,False Alarm – Dust
S00190,C2045,Office,Fire,Heat Sensor,Zone 8 – Control Room,2025-06-15,09:45,1st,High,E05,Mid,5,37,Yes,No,Yes,Yes,N/A,Fire Confirmed
S00191,C2093,Factory,Burglary,Motion Detected,Zone 7 – Storage,2025-03-17,14:01,1st,High,E02,Senior,4,15,No,No,No,No,User error,False Alarm – User error
S00192,C2080,Factory,Technical,Sensor Fault,Zone 0 – Control Panel,2025-02-22,08:04,1st,Medium,E05,Mid,10,14,No,No,No,No,Power outage,False Alarm – Power outage
S00193,C2019,Home,Fire,Gas Leak,Zone 4 – Kitchen,2025-05-02,20:41,2nd,Critical,E09,Junior,10,95,Yes,No,Yes,Yes,N/A,Fire Confirmed
S00194,C2129,School,Burglary,Glass Break,Zone 1 – Main Door,2025-06-13,01:27,3rd,Medium,E06,Junior,14,19,No,No,No,No,Wind / Vibration,False Alarm – Wind / Vibration
S00195,C2073,Shop,Technical,Power Loss,Zone 1 – Main Door,2025-04-08,20:33,2nd,Low,E02,Senior,1,5,No,No,No,No,Sensor Fault,False Alarm – Sensor Fault
S00196,C2137,School,Technical,Power Restored,Zone 1 – Main Door,2025-05-28,11:39,1st,Low,E08,Junior,16,31,No,No,No,No,Sensor Fault,False Alarm – Sensor Fault
S00197,C2008,Home,Tamper,Tamper Detected,Zone 1 – Main Door,2025-04-19,07:52,1st,Medium,E05,Mid,4,15,No,No,No,No,Power outage,False Alarm – Power outage
S00198,C2140,School,Tamper,Cover Removed,Zone 6 – Office,2025-05-09,15:31,2nd,High,E05,Mid,4,10,No,No,No,No,Power outage,False Alarm – Power outage
S00199,C2016,Home,Burglary,Alarm Triggered,Zone 2 – Living Room,2025-02-08,14:04,1st,Critical,E01,Senior,2,35,Yes,Yes,No,Yes,N/A,Emergency Confirmed
S00200,C2089,Factory,Technical,Power Restored,Zone 0 – Control Panel,2025-02-18,12:46,1st,Low,E05,Mid,6,13,No,No,No,No,Power outage,False Alarm – Power outage
S00201,C2032,Office,Technical,Sensor Fault,Zone 8 – Control Room,2025-02-16,10:29,1st,Low,E07,Junior,15,21,No,No,No,No,Power outage,False Alarm – Power outage
S00202,C2108,Warehouse,Technical,Power Restored,Zone 5 – Garage,2025-04-28,21:55,2nd,Low,E09,Junior,12,17,No,No,No,No,Sensor Fault,False Alarm – Sensor Fault
S00203,C2132,School,Technical,Sensor Fault,Zone 0 – Control Panel,2025-01-12,09:31,1st,Low,E09,Junior,13,21,No,No,No,No,Power outage,False Alarm – Power outage
S00204,C2056,Shop,Tamper,Cover Removed,Zone 7 – Storage,2025-01-14,14:15,1st,Low,E03,Mid,7,19,No,No,No,No,Environmental,False Alarm – Environmental
S00205,C2138,School,Technical,Low Battery,Zone 1 – Main Door,2025-03-13,06:18,3rd,Medium,E05,Mid,7,20,No,No,No,No,Sensor Fault,False Alarm – Sensor Fault
S00206,C2104,Warehouse,Tamper,Tamper Detected,Zone 7 – Storage,2025-05-26,20:48,2nd,High,E07,Junior,11,21,No,No,No,No,Dust,False Alarm – Dust
S00207,C2099,Factory,Burglary,Alarm Triggered,Zone 7 – Storage,2025-06-01,11:04,1st,High,E01,Senior,1,4,No,No,No,No,Maintenance,False Alarm – Maintenance
S00208,C2101,Warehouse,Technical,Power Loss,Zone 7 – Storage,2025-04-18,17:06,2nd,Low,E06,Junior,14,25,No,No,No,No,Maintenance,False Alarm – Maintenance
S00209,C2011,Home,Panic Button,Emergency Triggered,Zone 1 – Main Door,2025-06-02,05:32,3rd,Critical,E03,Mid,6,87,Yes,Yes,No,Yes,N/A,Forced Entry
S00210,C2132,School,Burglary,Alarm Triggered,Zone 9 – Hallway,2025-06-19,01:38,3rd,High,E03,Mid,8,61,Yes,No,No,No,N/A,Emergency Confirmed
S00211,C2145,School,Technical,Sensor Fault,Zone 6 – Office,2025-01-18,06:45,3rd,Low,E10,Mid,9,17,No,No,No,No,Power outage,False Alarm – Power outage
S00212,C2007,Home,Tamper,Cover Removed,Zone 5 – Garage,2025-03-03,19:50,2nd,Medium,E08,Junior,10,21,No,No,No,No,Environmental,False Alarm – Environmental
S00213,C2014,Home,Fire,Gas Leak,Zone 5 – Garage,2025-05-01,02:46,3rd,High,E05,Mid,5,68,Yes,No,Yes,Yes,N/A,Fire Confirmed
S00214,C2147,School,Burglary,Glass Break,Zone 1 – Main Door,2025-01-03,18:02,2nd,Low,E08,Junior,14,27,No,No,No,No,Power outage,False Alarm – Power outage
S00215,C2129,School,Burglary,Alarm Triggered,Zone 8 – Control Room,2025-05-26,10:26,1st,Low,E01,Senior,2,9,No,No,No,No,Maintenance,False Alarm – Maintenance
S00216,C2097,Factory,Burglary,Glass Break,Zone 8 – Control Room,2025-02-18,22:33,2nd,Critical,E09,Junior,11,23,No,No,No,No,Dust,False Alarm – Dust
S00217,C2124,Warehouse,Burglary,Glass Break,Zone 5 – Garage,2025-02-06,03:39,3rd,High,E05,Mid,11,25,No,No,No,No,Dust,False Alarm – Dust
S00218,C2054,Shop,Burglary,Motion Detected,Zone 8 – Control Room,2025-06-02,03:45,3rd,Critical,E03,Mid,5,55,Yes,Yes,No,Yes,N/A,Emergency Confirmed
S00219,C2140,School,Panic Button,Duress Code,Zone 0 – Control Panel,2025-04-03,16:36,2nd,Critical,E04,Mid,6,8,No,No,No,No,Dust,False Alarm – Dust
S00220,C2021,Home,Tamper,Cover Removed,Zone 3 – Bedroom,2025-06-18,11:45,1st,Medium,E04,Mid,6,16,No,No,No,No,Environmental,False Alarm – Environmental
S00221,C2144,School,Burglary,Glass Break,Zone 6 – Office,2025-01-05,19:59,2nd,Low,E05,Mid,8,10,No,No,No,No,User error,False Alarm – User error
S00222,C2060,Shop,Tamper,Tamper Detected,Zone 1 – Main Door,2025-05-03,18:40,2nd,High,E07,Junior,18,32,No,No,No,No,Wind / Vibration,False Alarm – Wind / Vibration
S00223,C2141,School,Burglary,Alarm Triggered,Zone 9 – Hallway,2025-01-03,01:00,3rd,Critical,E02,Senior,5,56,Yes,Yes,No,Yes,N/A,Emergency Confirmed
S00224,C2016,Home,Fire,Heat Sensor,Zone 1 – Main Door,2025-05-22,03:41,3rd,High,E04,Mid,9,13,No,No,No,No,Animal,False Alarm – Animal
S00225,C2046,Office,Technical,Sensor Fault,Zone 1 – Main Door,2025-05-03,13:56,1st,Medium,E10,Mid,8,10,No,No,No,No,Sensor Fault,False Alarm – Sensor Fault
S00226,C2146,School,Tamper,Tamper Detected,Zone 8 – Control Room,2025-02-09,23:19,3rd,Medium,E04,Mid,8,18,No,No,No,No,Maintenance,False Alarm – Maintenance
S00227,C2035,Office,Burglary,Alarm Triggered,Zone 9 – Hallway,2025-05-04,22:56,2nd,High,E07,Junior,9,44,Yes,Yes,No,Yes,N/A,Forced Entry
S00228,C2048,Office,Technical,Power Loss,Zone 1 – Main Door,2025-03-01,11:45,1st,Low,E10,Mid,7,11,No,No,No,No,Maintenance,False Alarm – Maintenance
S00229,C2110,Warehouse,Fire,Gas Leak,Zone 0 – Control Panel,2025-04-24,21:52,2nd,Medium,E06,Junior,9,18,No,No,No,No,User error,False Alarm – User error
S00230,C2064,Shop,Technical,Power Loss,Zone 1 – Main Door,2025-04-08,20:59,2nd,Medium,E07,Junior,14,21,No,No,No,No,Sensor Fault,False Alarm – Sensor Fault
S00231,C2147,School,Burglary,Alarm Triggered,Zone 1 – Main Door,2025-05-27,03:37,3rd,High,E02,Senior,2,11,No,No,No,No,Animal,False Alarm – Animal
S00232,C2104,Warehouse,Tamper,Cover Removed,Zone 0 – Control Panel,2025-02-14,03:10,3rd,Low,E06,Junior,8,19,No,No,No,No,Dust,False Alarm – Dust
S00233,C2035,Office,Technical,Power Restored,Zone 0 – Control Panel,2025-06-15,10:14,1st,Medium,E10,Mid,9,17,No,No,No,No,Sensor Fault,False Alarm – Sensor Fault
S00234,C2138,School,Burglary,Glass Break,Zone 9 – Hallway,2025-06-19,14:48,1st,Low,E07,Junior,11,14,No,No,No,No,Dust,False Alarm – Dust
S00235,C2141,School,Panic Button,Emergency Triggered,Zone 8 – Control Room,2025-06-08,08:03,1st,Critical,E06,Junior,9,80,Yes,Yes,No,Yes,N/A,Confirmed Intrusion
S00236,C2150,School,Technical,Low Battery,Zone 0 – Control Panel,2025-01-13,18:45,2nd,Medium,E06,Junior,9,13,No,No,No,No,N/A,Unclassified
S00237,C2145,School,Panic Button,Duress Code,Zone 1 – Main Door,2025-04-08,21:29,2nd,Critical,E06,Junior,11,26,Yes,Yes,No,Yes,N/A,Fire Confirmed
S00238,C2109,Warehouse,Technical,Low Battery,Zone 7 – Storage,2025-03-15,16:02,2nd,Low,E04,Mid,6,15,No,No,No,No,Power outage,False Alarm – Power outage
S00239,C2105,Warehouse,Burglary,Glass Break,Zone 5 – Garage,2025-03-20,23:18,3rd,Critical,E08,Junior,11,83,Yes,No,No,No,N/A,Forced Entry
S00240,C2139,School,Tamper,Cover Removed,Zone 9 – Hallway,2025-01-17,05:05,3rd,Low,E05,Mid,7,11,No,No,No,No,Maintenance,False Alarm – Maintenance
S00241,C2001,Home,Burglary,Alarm Triggered,Zone 1 – Main Door,2025-01-22,18:53,2nd,Critical,E07,Junior,10,93,Yes,Yes,No,Yes,N/A,Forced Entry
S00242,C2118,Warehouse,Burglary,Glass Break,Zone 7 – Storage,2025-05-05,18:15,2nd,High,E08,Junior,17,19,No,No,No,No,Animal,False Alarm – Animal
S00243,C2005,Home,Tamper,Tamper Detected,Zone 2 – Living Room,2025-04-21,21:39,2nd,Low,E07,Junior,6,17,No,No,No,No,N/A,Unclassified
S00244,C2012,Home,Burglary,Alarm Triggered,Zone 4 – Kitchen,2025-01-29,23:15,3rd,Medium,E08,Junior,11,13,No,No,No,No,Environmental,False Alarm – Environmental
S00245,C2075,Shop,Tamper,Cover Removed,Zone 6 – Office,2025-01-15,01:32,3rd,Medium,E03,Mid,7,17,No,No,No,No,Wind / Vibration,False Alarm – Wind / Vibration
S00246,C2077,Factory,Technical,Low Battery,Zone 8 – Control Room,2025-01-22,10:26,1st,Low,E10,Mid,7,17,No,No,No,No,N/A,Unclassified
S00247,C2089,Factory,Technical,Power Loss,Zone 0 – Control Panel,2025-04-02,06:03,3rd,Medium,E08,Junior,13,17,No,No,No,No,N/A,Unclassified
S00248,C2058,Shop,Burglary,Motion Detected,Zone 0 – Control Panel,2025-02-27,06:15,3rd,Medium,E03,Mid,5,13,No,No,No,No,Maintenance,False Alarm – Maintenance
S00249,C2136,School,Tamper,Cover Removed,Zone 9 – Hallway,2025-03-05,05:35,3rd,Low,E06,Junior,17,26,No,No,No,No,Animal,False Alarm – Animal
S00250,C2138,School,Technical,Low Battery,Zone 9 – Hallway,2025-03-01,12:05,1st,Low,E08,Junior,8,23,No,No,No,No,Power outage,False Alarm – Power outage
S00251,C2144,School,Panic Button,Duress Code,Zone 9 – Hallway,2025-03-20,16:12,2nd,Critical,E01,Senior,2,7,No,No,No,No,Animal,False Alarm – Animal
S00252,C2031,Office,Tamper,Cover Removed,Zone 7 – Storage,2025-01-24,02:47,3rd,Low,E08,Junior,14,19,No,No,No,No,Power outage,False Alarm – Power outage
S00253,C2073,Shop,Panic Button,Duress Code,Zone 9 – Hallway,2025-06-02,12:49,1st,Critical,E05,Mid,7,85,Yes,Yes,No,Yes,N/A,Forced Entry
S00254,C2121,Warehouse,Burglary,Glass Break,Zone 7 – Storage,2025-06-25,16:51,2nd,High,E06,Junior,7,50,Yes,Yes,No,Yes,N/A,Fire Confirmed
S00255,C2142,School,Fire,Heat Sensor,Zone 8 – Control Room,2025-04-27,15:16,2nd,Critical,E10,Mid,7,51,Yes,No,Yes,Yes,N/A,Forced Entry
S00256,C2141,School,Technical,Power Loss,Zone 6 – Office,2025-03-05,18:31,2nd,Medium,E07,Junior,8,17,No,No,No,No,N/A,Unclassified
S00257,C2091,Factory,Technical,Power Restored,Zone 5 – Garage,2025-01-11,01:46,3rd,Medium,E08,Junior,12,22,No,No,No,No,Power outage,False Alarm – Power outage
S00258,C2020,Home,Burglary,Glass Break,Zone 9 – Hallway,2025-03-29,07:53,1st,Low,E06,Junior,9,12,No,No,No,No,User error,False Alarm – User error
S00259,C2056,Shop,Burglary,Alarm Triggered,Zone 7 – Storage,2025-03-21,17:00,2nd,High,E04,Mid,7,83,Yes,Yes,No,Yes,N/A,Forced Entry
S00260,C2137,School,Burglary,Alarm Triggered,Zone 8 – Control Room,2025-06-07,07:00,1st,Low,E04,Mid,5,55,Yes,No,No,No,N/A,Emergency Confirmed
S00261,C2111,Warehouse,Tamper,Tamper Detected,Zone 5 – Garage,2025-06-15,15:32,2nd,Low,E08,Junior,15,30,No,No,No,No,Dust,False Alarm – Dust
S00262,C2102,Warehouse,Burglary,Alarm Triggered,Zone 1 – Main Door,2025-02-18,04:17,3rd,Critical,E07,Junior,10,53,Yes,Yes,No,Yes,N/A,Emergency Confirmed
S00263,C2009,Home,Burglary,Alarm Triggered,Zone 1 – Main Door,2025-01-09,00:41,3rd,Critical,E04,Mid,8,24,Yes,Yes,No,Yes,N/A,Fire Confirmed
S00264,C2112,Warehouse,Tamper,Tamper Detected,Zone 7 – Storage,2025-06-27,16:31,2nd,Low,E06,Junior,11,22,No,No,No,No,Wind / Vibration,False Alarm – Wind / Vibration
S00265,C2012,Home,Technical,Power Loss,Zone 1 – Main Door,2025-05-07,14:17,1st,Low,E06,Junior,10,12,No,No,No,No,Sensor Fault,False Alarm – Sensor Fault
S00266,C2037,Office,Burglary,Alarm Triggered,Zone 7 – Storage,2025-01-03,10:37,1st,Low,E05,Mid,9,24,No,No,No,No,Maintenance,False Alarm – Maintenance
S00267,C2139,School,Burglary,Alarm Triggered,Zone 6 – Office,2025-01-12,13:43,1st,Medium,E08,Junior,9,19,No,No,No,No,Animal,False Alarm – Animal
S00268,C2026,Office,Burglary,Glass Break,Zone 0 – Control Panel,2025-04-29,20:03,2nd,Low,E02,Senior,2,10,No,No,No,No,Maintenance,False Alarm – Maintenance
S00269,C2070,Shop,Burglary,Alarm Triggered,Zone 9 – Hallway,2025-05-26,20:01,2nd,Medium,E06,Junior,8,12,No,No,No,No,Power outage,False Alarm – Power outage
S00270,C2076,Factory,Fire,Heat Sensor,Zone 5 – Garage,2025-02-04,13:05,1st,Medium,E03,Mid,6,40,Yes,No,No,No,N/A,Forced Entry
S00271,C2100,Factory,Technical,Power Loss,Zone 8 – Control Room,2025-05-15,17:47,2nd,Low,E07,Junior,10,19,No,No,No,No,Sensor Fault,False Alarm – Sensor Fault
S00272,C2070,Shop,Tamper,Tamper Detected,Zone 1 – Main Door,2025-01-04,04:48,3rd,Low,E05,Mid,10,20,No,No,No,No,Maintenance,False Alarm – Maintenance
S00273,C2007,Home,Panic Button,Duress Code,Zone 1 – Main Door,2025-02-19,05:06,3rd,High,E05,Mid,7,71,Yes,Yes,No,Yes,N/A,Confirmed Intrusion
S00274,C2100,Factory,Technical,Power Restored,Zone 1 – Main Door,2025-03-07,19:26,2nd,Low,E07,Junior,16,20,No,No,No,No,Maintenance,False Alarm – Maintenance
S00275,C2069,Shop,Fire,Smoke Detected,Zone 9 – Hallway,2025-04-25,11:19,1st,Medium,E04,Mid,9,59,Yes,No,No,No,N/A,Forced Entry
S00276,C2020,Home,Fire,Gas Leak,Zone 3 – Bedroom,2025-04-09,03:30,3rd,High,E06,Junior,10,15,No,No,No,No,Maintenance,False Alarm – Maintenance
S00277,C2035,Office,Technical,Low Battery,Zone 8 – Control Room,2025-02-11,14:06,1st,Medium,E03,Mid,6,20,No,No,No,No,N/A,Unclassified
S00278,C2086,Factory,Fire,Heat Sensor,Zone 0 – Control Panel,2025-03-03,12:28,1st,High,E06,Junior,13,53,Yes,No,Yes,Yes,N/A,Forced Entry
S00279,C2102,Warehouse,Burglary,Alarm Triggered,Zone 7 – Storage,2025-03-25,20:11,2nd,Critical,E03,Mid,4,12,No,No,No,No,Dust,False Alarm – Dust
S00280,C2101,Warehouse,Fire,Smoke Detected,Zone 7 – Storage,2025-06-17,19:52,2nd,High,E03,Mid,9,23,No,No,No,No,Wind / Vibration,False Alarm – Wind / Vibration
S00281,C2119,Warehouse,Burglary,Alarm Triggered,Zone 5 – Garage,2025-01-31,07:46,1st,High,E02,Senior,1,15,No,No,No,No,Environmental,False Alarm – Environmental
S00282,C2128,School,Fire,Heat Sensor,Zone 9 – Hallway,2025-04-04,13:43,1st,Critical,E04,Mid,8,77,Yes,No,Yes,Yes,N/A,Forced Entry
S00283,C2123,Warehouse,Fire,Gas Leak,Zone 0 – Control Panel,2025-01-01,08:28,1st,Critical,E03,Mid,4,65,Yes,No,Yes,Yes,N/A,Confirmed Intrusion
S00284,C2064,Shop,Tamper,Cover Removed,Zone 8 – Control Room,2025-06-14,00:49,3rd,Low,E05,Mid,9,21,No,No,No,No,N/A,Unclassified
S00285,C2085,Factory,Burglary,Glass Break,Zone 0 – Control Panel,2025-04-21,05:48,3rd,Low,E02,Senior,3,13,No,No,No,No,Wind / Vibration,False Alarm – Wind / Vibration
S00286,C2096,Factory,Burglary,Alarm Triggered,Zone 0 – Control Panel,2025-02-06,02:28,3rd,Medium,E02,Senior,3,6,No,No,No,No,N/A,Unclassified
S00287,C2022,Home,Fire,Heat Sensor,Zone 1 – Main Door,2025-02-28,11:26,1st,High,E01,Senior,2,43,Yes,No,Yes,Yes,N/A,Forced Entry
S00288,C2025,Home,Fire,Heat Sensor,Zone 4 – Kitchen,2025-02-08,20:30,2nd,Critical,E04,Mid,8,37,Yes,No,Yes,Yes,N/A,Confirmed Intrusion
S00289,C2028,Office,Burglary,Glass Break,Zone 7 – Storage,2025-06-21,20:41,2nd,Medium,E02,Senior,2,12,No,No,No,No,Dust,False Alarm – Dust
S00290,C2060,Shop,Tamper,Tamper Detected,Zone 9 – Hallway,2025-03-26,13:29,1st,Low,E05,Mid,8,21,No,No,No,No,Animal,False Alarm – Animal
S00291,C2110,Warehouse,Burglary,Glass Break,Zone 8 – Control Room,2025-01-05,02:28,3rd,Medium,E07,Junior,11,25,No,No,No,No,Environmental,False Alarm – Environmental
S00292,C2027,Office,Tamper,Tamper Detected,Zone 9 – Hallway,2025-06-07,16:36,2nd,Medium,E08,Junior,17,32,No,No,No,No,Wind / Vibration,False Alarm – Wind / Vibration
S00293,C2081,Factory,Technical,Sensor Fault,Zone 7 – Storage,2025-04-23,14:33,1st,Medium,E07,Junior,8,15,No,No,No,No,Sensor Fault,False Alarm – Sensor Fault
S00294,C2045,Office,Tamper,Cover Removed,Zone 7 – Storage,2025-05-22,22:39,2nd,Low,E02,Senior,3,9,No,No,No,No,User error,False Alarm – User error
S00295,C2096,Factory,Fire,Heat Sensor,Zone 5 – Garage,2025-03-04,00:11,3rd,Critical,E07,Junior,12,76,Yes,No,Yes,Yes,N/A,Forced Entry
S00296,C2138,School,Tamper,Tamper Detected,Zone 9 – Hallway,2025-03-09,17:31,2nd,High,E09,Junior,14,23,No,No,No,No,Environmental,False Alarm – Environmental
S00297,C2092,Factory,Tamper,Cover Removed,Zone 1 – Main Door,2025-01-19,23:55,3rd,Low,E08,Junior,15,25,No,No,No,No,Maintenance,False Alarm – Maintenance
S00298,C2126,School,Tamper,Cover Removed,Zone 0 – Control Panel,2025-03-29,14:26,1st,High,E04,Mid,6,20,No,No,No,No,Environmental,False Alarm – Environmental
S00299,C2009,Home,Fire,Smoke Detected,Zone 3 – Bedroom,2025-03-06,18:18,2nd,Critical,E05,Mid,5,83,Yes,No,Yes,Yes,N/A,Confirmed Intrusion
S00300,C2140,School,Fire,Heat Sensor,Zone 6 – Office,2025-02-18,16:17,2nd,Medium,E01,Senior,1,9,No,No,No,No,User error,False Alarm – User error
S00301,C2064,Shop,Tamper,Tamper Detected,Zone 0 – Control Panel,2025-01-11,16:47,2nd,High,E06,Junior,5,14,No,No,No,No,Animal,False Alarm – Animal
S00302,C2061,Shop,Technical,Power Loss,Zone 6 – Office,2025-01-26,00:49,3rd,Medium,E09,Junior,9,23,No,No,No,No,Maintenance,False Alarm – Maintenance
S00303,C2053,Shop,Burglary,Motion Detected,Zone 1 – Main Door,2025-06-03,10:52,1st,High,E06,Junior,10,17,No,No,No,No,User error,False Alarm – User error
S00304,C2147,School,Technical,Low Battery,Zone 6 – Office,2025-02-12,03:18,3rd,Low,E07,Junior,7,9,No,No,No,No,N/A,Unclassified
S00305,C2033,Office,Technical,Power Restored,Zone 7 – Storage,2025-05-03,19:55,2nd,Low,E05,Mid,7,22,No,No,No,No,Sensor Fault,False Alarm – Sensor Fault
S00306,C2101,Warehouse,Technical,Power Restored,Zone 8 – Control Room,2025-02-20,10:48,1st,Low,E04,Mid,8,17,No,No,No,No,N/A,Unclassified
S00307,C2024,Home,Tamper,Cover Removed,Zone 4 – Kitchen,2025-02-03,08:40,1st,Medium,E06,Junior,12,14,No,No,No,No,Maintenance,False Alarm – Maintenance
S00308,C2118,Warehouse,Burglary,Glass Break,Zone 7 – Storage,2025-06-05,16:46,2nd,Critical,E05,Mid,7,49,Yes,Yes,No,Yes,N/A,Forced Entry
S00309,C2073,Shop,Technical,Power Restored,Zone 0 – Control Panel,2025-05-26,19:20,2nd,Medium,E08,Junior,14,16,No,No,No,No,Power outage,False Alarm – Power outage
S00310,C2118,Warehouse,Panic Button,Emergency Triggered,Zone 1 – Main Door,2025-04-18,08:40,1st,Critical,E05,Mid,7,76,Yes,Yes,No,Yes,N/A,Fire Confirmed
S00311,C2078,Factory,Burglary,Alarm Triggered,Zone 5 – Garage,2025-02-25,01:56,3rd,Low,E09,Junior,9,21,No,No,No,No,Dust,False Alarm – Dust
S00312,C2102,Warehouse,Burglary,Motion Detected,Zone 7 – Storage,2025-02-23,17:03,2nd,Medium,E06,Junior,10,12,No,No,No,No,Animal,False Alarm – Animal
S00313,C2020,Home,Tamper,Tamper Detected,Zone 2 – Living Room,2025-05-03,10:30,1st,High,E05,Mid,9,67,Yes,No,No,No,N/A,Confirmed Intrusion
S00314,C2034,Office,Fire,Smoke Detected,Zone 0 – Control Panel,2025-01-15,21:44,2nd,High,E08,Junior,13,41,Yes,No,Yes,Yes,N/A,Confirmed Intrusion
S00315,C2077,Factory,Panic Button,Duress Code,Zone 5 – Garage,2025-03-13,04:23,3rd,Critical,E02,Senior,4,27,Yes,Yes,No,Yes,N/A,Confirmed Intrusion
S00316,C2090,Factory,Tamper,Tamper Detected,Zone 5 – Garage,2025-04-10,17:28,2nd,High,E02,Senior,2,5,No,No,No,No,User error,False Alarm – User error
S00317,C2032,Office,Fire,Heat Sensor,Zone 9 – Hallway,2025-06-13,08:08,1st,Critical,E01,Senior,3,35,Yes,No,Yes,Yes,N/A,Fire Confirmed
S00318,C2022,Home,Burglary,Motion Detected,Zone 2 – Living Room,2025-06-10,11:41,1st,High,E01,Senior,2,17,No,No,No,No,Environmental,False Alarm – Environmental
S00319,C2133,School,Burglary,Motion Detected,Zone 8 – Control Room,2025-05-23,11:13,1st,Medium,E06,Junior,12,26,No,No,No,No,Animal,False Alarm – Animal
S00320,C2099,Factory,Burglary,Glass Break,Zone 1 – Main Door,2025-06-02,02:31,3rd,Critical,E05,Mid,4,20,Yes,Yes,No,Yes,N/A,Emergency Confirmed
S00321,C2100,Factory,Fire,Gas Leak,Zone 7 – Storage,2025-03-08,20:08,2nd,Critical,E06,Junior,11,86,Yes,No,Yes,Yes,N/A,Confirmed Intrusion
S00322,C2018,Home,Burglary,Alarm Triggered,Zone 1 – Main Door,2025-04-12,15:37,2nd,Medium,E01,Senior,3,25,Yes,No,No,No,N/A,Forced Entry
S00323,C2129,School,Fire,Gas Leak,Zone 0 – Control Panel,2025-04-07,19:40,2nd,Critical,E03,Mid,9,43,Yes,No,Yes,Yes,N/A,Emergency Confirmed
S00324,C2021,Home,Burglary,Glass Break,Zone 5 – Garage,2025-01-13,16:19,2nd,Medium,E08,Junior,8,22,No,No,No,No,Wind / Vibration,False Alarm – Wind / Vibration
S00325,C2112,Warehouse,Burglary,Glass Break,Zone 5 – Garage,2025-01-27,16:19,2nd,Medium,E06,Junior,8,78,Yes,No,No,No,N/A,Confirmed Intrusion
S00326,C2015,Home,Tamper,Tamper Detected,Zone 3 – Bedroom,2025-02-27,14:39,1st,Low,E10,Mid,9,13,No,No,No,No,Animal,False Alarm – Animal
S00327,C2134,School,Technical,Power Loss,Zone 8 – Control Room,2025-01-02,22:22,2nd,Low,E05,Mid,8,21,No,No,No,No,Sensor Fault,False Alarm – Sensor Fault
S00328,C2008,Home,Tamper,Cover Removed,Zone 3 – Bedroom,2025-02-05,00:49,3rd,Medium,E07,Junior,6,18,No,No,No,No,Maintenance,False Alarm – Maintenance
S00329,C2117,Warehouse,Burglary,Alarm Triggered,Zone 0 – Control Panel,2025-02-24,16:31,2nd,Low,E05,Mid,5,9,No,No,No,No,Dust,False Alarm – Dust
S00330,C2027,Office,Fire,Heat Sensor,Zone 9 – Hallway,2025-05-20,03:49,3rd,Medium,E04,Mid,9,24,No,No,No,No,Animal,False Alarm – Animal
S00331,C2012,Home,Burglary,Alarm Triggered,Zone 4 – Kitchen,2025-01-23,15:15,2nd,Critical,E10,Mid,8,10,No,No,No,No,Environmental,False Alarm – Environmental
S00332,C2083,Factory,Burglary,Alarm Triggered,Zone 5 – Garage,2025-05-01,05:14,3rd,High,E03,Mid,8,70,Yes,Yes,No,Yes,N/A,Confirmed Intrusion
S00333,C2058,Shop,Technical,Low Battery,Zone 7 – Storage,2025-02-01,07:11,1st,Medium,E08,Junior,9,24,No,No,No,No,N/A,Unclassified
S00334,C2080,Factory,Burglary,Glass Break,Zone 8 – Control Room,2025-03-07,19:49,2nd,Critical,E02,Senior,2,89,Yes,Yes,No,Yes,N/A,Emergency Confirmed
S00335,C2095,Factory,Burglary,Alarm Triggered,Zone 7 – Storage,2025-03-16,02:29,3rd,Medium,E09,Junior,12,17,No,No,No,No,Environmental,False Alarm – Environmental
S00336,C2105,Warehouse,Burglary,Glass Break,Zone 1 – Main Door,2025-03-01,01:00,3rd,High,E09,Junior,14,21,No,No,No,No,Animal,False Alarm – Animal
S00337,C2097,Factory,Tamper,Tamper Detected,Zone 8 – Control Room,2025-02-11,15:48,2nd,Low,E07,Junior,16,18,No,No,No,No,Power outage,False Alarm – Power outage
S00338,C2072,Shop,Burglary,Glass Break,Zone 1 – Main Door,2025-03-08,01:45,3rd,Medium,E02,Senior,3,10,No,No,No,No,Wind / Vibration,False Alarm – Wind / Vibration
S00339,C2022,Home,Burglary,Glass Break,Zone 5 – Garage,2025-05-29,14:47,1st,Medium,E03,Mid,7,18,No,No,No,No,Maintenance,False Alarm – Maintenance
S00340,C2034,Office,Burglary,Alarm Triggered,Zone 6 – Office,2025-01-10,23:27,3rd,High,E08,Junior,13,26,No,No,No,No,Power outage,False Alarm – Power outage
S00341,C2116,Warehouse,Burglary,Glass Break,Zone 7 – Storage,2025-06-13,20:20,2nd,Low,E09,Junior,10,21,No,No,No,No,Environmental,False Alarm – Environmental
S00342,C2028,Office,Tamper,Cover Removed,Zone 6 – Office,2025-06-18,00:09,3rd,High,E02,Senior,3,17,No,No,No,No,Dust,False Alarm – Dust
S00343,C2079,Factory,Burglary,Alarm Triggered,Zone 0 – Control Panel,2025-05-29,10:28,1st,Low,E10,Mid,8,23,No,No,No,No,Dust,False Alarm – Dust
S00344,C2084,Factory,Technical,Low Battery,Zone 5 – Garage,2025-04-06,15:13,2nd,Low,E08,Junior,17,29,No,No,No,No,Power outage,False Alarm – Power outage
S00345,C2045,Office,Burglary,Alarm Triggered,Zone 1 – Main Door,2025-03-01,03:16,3rd,Critical,E01,Senior,1,28,Yes,Yes,No,Yes,N/A,Forced Entry
S00346,C2036,Office,Tamper,Tamper Detected,Zone 1 – Main Door,2025-01-31,08:51,1st,Low,E05,Mid,9,14,No,No,No,No,User error,False Alarm – User error
S00347,C2022,Home,Tamper,Cover Removed,Zone 5 – Garage,2025-05-10,21:23,2nd,Low,E06,Junior,9,18,No,No,No,No,Wind / Vibration,False Alarm – Wind / Vibration
S00348,C2085,Factory,Burglary,Glass Break,Zone 1 – Main Door,2025-05-17,09:05,1st,Critical,E02,Senior,1,71,Yes,No,No,No,N/A,Forced Entry
S00349,C2098,Factory,Tamper,Tamper Detected,Zone 0 – Control Panel,2025-04-25,14:01,1st,Medium,E06,Junior,7,16,No,No,No,No,Dust,False Alarm – Dust
S00350,C2063,Shop,Burglary,Alarm Triggered,Zone 8 – Control Room,2025-04-11,17:02,2nd,Critical,E05,Mid,8,30,Yes,Yes,No,Yes,N/A,Confirmed Intrusion
S00351,C2036,Office,Tamper,Tamper Detected,Zone 0 – Control Panel,2025-05-04,03:24,3rd,Low,E08,Junior,19,28,No,No,No,No,Dust,False Alarm – Dust
S00352,C2145,School,Fire,Gas Leak,Zone 8 – Control Room,2025-01-07,22:22,2nd,Critical,E01,Senior,1,44,Yes,No,Yes,Yes,N/A,Confirmed Intrusion
S00353,C2121,Warehouse,Burglary,Alarm Triggered,Zone 0 – Control Panel,2025-03-27,03:03,3rd,Medium,E02,Senior,4,9,No,No,No,No,Wind / Vibration,False Alarm – Wind / Vibration
S00354,C2015,Home,Burglary,Motion Detected,Zone 2 – Living Room,2025-05-29,03:34,3rd,Critical,E04,Mid,6,43,Yes,Yes,No,Yes,N/A,Fire Confirmed
S00355,C2082,Factory,Technical,Low Battery,Zone 8 – Control Room,2025-03-06,10:37,1st,Low,E06,Junior,10,21,No,No,No,No,Maintenance,False Alarm – Maintenance
S00356,C2127,School,Technical,Power Loss,Zone 8 – Control Room,2025-05-19,18:53,2nd,Low,E02,Senior,2,4,No,No,No,No,Power outage,False Alarm – Power outage
S00357,C2057,Shop,Technical,Sensor Fault,Zone 1 – Main Door,2025-01-26,10:38,1st,Low,E03,Mid,8,22,No,No,No,No,Maintenance,False Alarm – Maintenance
S00358,C2046,Office,Fire,Smoke Detected,Zone 8 – Control Room,2025-06-29,01:21,3rd,Medium,E10,Mid,8,41,Yes,No,No,No,N/A,Confirmed Intrusion
S00359,C2096,Factory,Tamper,Tamper Detected,Zone 0 – Control Panel,2025-04-23,04:04,3rd,Medium,E04,Mid,6,19,No,No,No,No,User error,False Alarm – User error
S00360,C2125,Warehouse,Technical,Power Restored,Zone 7 – Storage,2025-01-29,13:50,1st,Low,E03,Mid,10,18,No,No,No,No,Maintenance,False Alarm – Maintenance
S00361,C2076,Factory,Fire,Smoke Detected,Zone 5 – Garage,2025-01-21,03:46,3rd,Medium,E04,Mid,4,19,No,No,No,No,Power outage,False Alarm – Power outage
S00362,C2082,Factory,Fire,Smoke Detected,Zone 7 – Storage,2025-05-25,07:11,1st,Medium,E02,Senior,2,5,No,No,No,No,Wind / Vibration,False Alarm – Wind / Vibration
S00363,C2082,Factory,Fire,Heat Sensor,Zone 5 – Garage,2025-06-09,02:22,3rd,Medium,E01,Senior,3,10,No,No,No,No,Wind / Vibration,False Alarm – Wind / Vibration
S00364,C2068,Shop,Fire,Smoke Detected,Zone 6 – Office,2025-06-01,14:00,1st,Medium,E04,Mid,8,10,No,No,No,No,Wind / Vibration,False Alarm – Wind / Vibration
S00365,C2113,Warehouse,Burglary,Glass Break,Zone 8 – Control Room,2025-06-08,07:24,1st,Critical,E06,Junior,8,92,Yes,Yes,No,Yes,N/A,Forced Entry
S00366,C2123,Warehouse,Technical,Power Restored,Zone 0 – Control Panel,2025-01-05,16:53,2nd,Low,E01,Senior,3,9,No,No,No,No,Power outage,False Alarm – Power outage
S00367,C2067,Shop,Burglary,Glass Break,Zone 1 – Main Door,2025-05-18,07:20,1st,High,E10,Mid,9,33,Yes,Yes,No,Yes,N/A,Confirmed Intrusion
S00368,C2124,Warehouse,Tamper,Cover Removed,Zone 1 – Main Door,2025-06-02,04:38,3rd,Low,E01,Senior,2,5,No,No,No,No,Animal,False Alarm – Animal
S00369,C2049,Office,Tamper,Cover Removed,Zone 0 – Control Panel,2025-02-05,20:13,2nd,Medium,E06,Junior,9,20,No,No,No,No,Power outage,False Alarm – Power outage
S00370,C2014,Home,Burglary,Glass Break,Zone 3 – Bedroom,2025-04-24,14:09,1st,Critical,E03,Mid,7,83,Yes,Yes,No,Yes,N/A,Fire Confirmed
S00371,C2053,Shop,Panic Button,Duress Code,Zone 6 – Office,2025-01-02,16:01,2nd,High,E07,Junior,13,78,Yes,Yes,No,Yes,N/A,Forced Entry
S00372,C2068,Shop,Burglary,Motion Detected,Zone 1 – Main Door,2025-01-11,14:57,1st,Critical,E04,Mid,9,71,Yes,No,No,No,N/A,Fire Confirmed
S00373,C2068,Shop,Panic Button,Duress Code,Zone 9 – Hallway,2025-06-02,22:02,2nd,Critical,E03,Mid,6,28,Yes,Yes,No,Yes,N/A,Fire Confirmed
S00374,C2089,Factory,Technical,Sensor Fault,Zone 7 – Storage,2025-06-21,08:05,1st,Low,E06,Junior,9,24,No,No,No,No,N/A,Unclassified
S00375,C2122,Warehouse,Technical,Power Restored,Zone 0 – Control Panel,2025-05-02,05:34,3rd,Medium,E08,Junior,17,27,No,No,No,No,Power outage,False Alarm – Power outage
S00376,C2115,Warehouse,Technical,Power Restored,Zone 5 – Garage,2025-05-21,09:07,1st,Low,E07,Junior,12,14,No,No,No,No,Maintenance,False Alarm – Maintenance
S00377,C2112,Warehouse,Burglary,Motion Detected,Zone 5 – Garage,2025-05-15,13:05,1st,Medium,E04,Mid,5,19,No,No,No,No,Wind / Vibration,False Alarm – Wind / Vibration
S00378,C2100,Factory,Burglary,Alarm Triggered,Zone 7 – Storage,2025-04-02,08:05,1st,High,E02,Senior,3,5,No,No,No,No,Environmental,False Alarm – Environmental
S00379,C2107,Warehouse,Burglary,Glass Break,Zone 5 – Garage,2025-06-29,05:07,3rd,Low,E05,Mid,8,22,No,No,No,No,Animal,False Alarm – Animal
S00380,C2138,School,Tamper,Cover Removed,Zone 6 – Office,2025-06-20,03:55,3rd,Medium,E06,Junior,12,21,No,No,No,No,Maintenance,False Alarm – Maintenance
S00381,C2071,Shop,Tamper,Tamper Detected,Zone 9 – Hallway,2025-04-28,15:11,2nd,High,E08,Junior,18,23,No,No,No,No,Wind / Vibration,False Alarm – Wind / Vibration
S00382,C2122,Warehouse,Panic Button,Duress Code,Zone 7 – Storage,2025-04-21,07:47,1st,High,E08,Junior,19,34,No,No,No,No,Dust,False Alarm – Dust
S00383,C2026,Office,Technical,Power Restored,Zone 6 – Office,2025-04-18,06:54,3rd,Low,E02,Senior,4,18,No,No,No,No,N/A,Unclassified
S00384,C2107,Warehouse,Technical,Low Battery,Zone 0 – Control Panel,2025-01-10,04:17,3rd,Low,E06,Junior,9,22,No,No,No,No,N/A,Unclassified
S00385,C2133,School,Tamper,Tamper Detected,Zone 6 – Office,2025-03-07,14:48,1st,Low,E06,Junior,7,11,No,No,No,No,Power outage,False Alarm – Power outage
S00386,C2050,Office,Technical,Low Battery,Zone 6 – Office,2025-03-11,23:11,3rd,Low,E04,Mid,5,12,No,No,No,No,Power outage,False Alarm – Power outage
S00387,C2095,Factory,Tamper,Cover Removed,Zone 0 – Control Panel,2025-05-05,18:17,2nd,Low,E03,Mid,7,18,No,No,No,No,Power outage,False Alarm – Power outage
S00388,C2122,Warehouse,Burglary,Motion Detected,Zone 0 – Control Panel,2025-02-23,06:11,3rd,High,E06,Junior,8,56,Yes,Yes,No,Yes,N/A,Confirmed Intrusion
S00389,C2099,Factory,Fire,Smoke Detected,Zone 1 – Main Door,2025-01-04,11:01,1st,High,E05,Mid,7,12,No,No,No,No,Wind / Vibration,False Alarm – Wind / Vibration
S00390,C2105,Warehouse,Panic Button,Emergency Triggered,Zone 0 – Control Panel,2025-01-03,11:41,1st,High,E06,Junior,13,50,Yes,Yes,No,Yes,N/A,Confirmed Intrusion
S00391,C2079,Factory,Fire,Gas Leak,Zone 8 – Control Room,2025-05-12,10:16,1st,Critical,E04,Mid,6,15,No,No,No,No,User error,False Alarm – User error
S00392,C2134,School,Burglary,Alarm Triggered,Zone 8 – Control Room,2025-05-27,19:43,2nd,Low,E01,Senior,2,64,Yes,No,No,No,N/A,Emergency Confirmed
S00393,C2028,Office,Technical,Low Battery,Zone 0 – Control Panel,2025-04-19,03:43,3rd,Low,E03,Mid,7,22,No,No,No,No,Sensor Fault,False Alarm – Sensor Fault
S00394,C2077,Factory,Burglary,Glass Break,Zone 5 – Garage,2025-06-22,11:16,1st,Medium,E05,Mid,9,23,No,No,No,No,Environmental,False Alarm – Environmental
S00395,C2082,Factory,Burglary,Motion Detected,Zone 5 – Garage,2025-05-26,21:42,2nd,Low,E08,Junior,20,28,No,No,No,No,Power outage,False Alarm – Power outage
S00396,C2010,Home,Fire,Heat Sensor,Zone 5 – Garage,2025-04-28,21:47,2nd,High,E06,Junior,13,96,Yes,No,Yes,Yes,N/A,Forced Entry
S00397,C2077,Factory,Fire,Heat Sensor,Zone 5 – Garage,2025-02-16,12:32,1st,High,E08,Junior,15,63,Yes,No,Yes,Yes,N/A,Fire Confirmed
S00398,C2023,Home,Panic Button,Duress Code,Zone 2 – Living Room,2025-05-24,12:41,1st,Critical,E09,Junior,7,64,Yes,Yes,No,Yes,N/A,Emergency Confirmed
S00399,C2076,Factory,Burglary,Glass Break,Zone 0 – Control Panel,2025-01-03,11:37,1st,Critical,E07,Junior,12,101,Yes,Yes,No,Yes,N/A,Confirmed Intrusion
S00400,C2050,Office,Burglary,Glass Break,Zone 9 – Hallway,2025-04-19,06:56,3rd,Critical,E07,Junior,6,40,Yes,Yes,No,Yes,N/A,Fire Confirmed
S00401,C2105,Warehouse,Technical,Sensor Fault,Zone 0 – Control Panel,2025-06-03,02:21,3rd,Low,E03,Mid,6,20,No,No,No,No,Maintenance,False Alarm – Maintenance
S00402,C2086,Factory,Tamper,Cover Removed,Zone 5 – Garage,2025-01-05,00:31,3rd,Low,E01,Senior,3,17,No,No,No,No,Environmental,False Alarm – Environmental
S00403,C2041,Office,Fire,Smoke Detected,Zone 0 – Control Panel,2025-02-08,17:36,2nd,High,E07,Junior,10,18,No,No,No,No,Power outage,False Alarm – Power outage
S00404,C2002,Home,Fire,Heat Sensor,Zone 1 – Main Door,2025-03-01,14:24,1st,High,E09,Junior,12,26,No,No,No,No,Dust,False Alarm – Dust
S00405,C2002,Home,Burglary,Motion Detected,Zone 9 – Hallway,2025-02-05,10:01,1st,Medium,E01,Senior,3,7,No,No,No,No,Dust,False Alarm – Dust
S00406,C2129,School,Tamper,Cover Removed,Zone 8 – Control Room,2025-05-18,08:24,1st,Low,E05,Mid,5,11,No,No,No,No,N/A,Unclassified
S00407,C2134,School,Fire,Heat Sensor,Zone 8 – Control Room,2025-03-11,14:46,1st,Critical,E01,Senior,2,34,Yes,No,Yes,Yes,N/A,Emergency Confirmed
S00408,C2049,Office,Burglary,Alarm Triggered,Zone 6 – Office,2025-06-10,06:22,3rd,Low,E03,Mid,4,9,No,No,No,No,User error,False Alarm – User error
S00409,C2130,School,Technical,Low Battery,Zone 9 – Hallway,2025-06-09,23:37,3rd,Low,E06,Junior,7,15,No,No,No,No,Power outage,False Alarm – Power outage
S00410,C2137,School,Technical,Low Battery,Zone 8 – Control Room,2025-02-26,19:49,2nd,Low,E02,Senior,2,4,No,No,No,No,Power outage,False Alarm – Power outage
S00411,C2114,Warehouse,Panic Button,Emergency Triggered,Zone 8 – Control Room,2025-03-28,08:26,1st,Critical,E03,Mid,7,23,Yes,Yes,No,Yes,N/A,Emergency Confirmed
S00412,C2026,Office,Tamper,Cover Removed,Zone 7 – Storage,2025-06-18,13:42,1st,Low,E05,Mid,7,20,No,No,No,No,Maintenance,False Alarm – Maintenance
S00413,C2030,Office,Panic Button,Duress Code,Zone 1 – Main Door,2025-03-12,00:18,3rd,Critical,E10,Mid,7,88,Yes,Yes,No,Yes,N/A,Fire Confirmed
S00414,C2105,Warehouse,Tamper,Tamper Detected,Zone 7 – Storage,2025-02-12,12:45,1st,Low,E06,Junior,7,16,No,No,No,No,Wind / Vibration,False Alarm – Wind / Vibration
S00415,C2001,Home,Burglary,Motion Detected,Zone 1 – Main Door,2025-04-08,20:15,2nd,Low,E09,Junior,12,21,No,No,No,No,Wind / Vibration,False Alarm – Wind / Vibration
S00416,C2131,School,Fire,Heat Sensor,Zone 1 – Main Door,2025-04-08,01:05,3rd,Medium,E07,Junior,14,20,No,No,No,No,Power outage,False Alarm – Power outage
S00417,C2013,Home,Fire,Smoke Detected,Zone 1 – Main Door,2025-03-17,11:29,1st,Medium,E08,Junior,10,17,No,No,No,No,Wind / Vibration,False Alarm – Wind / Vibration
S00418,C2030,Office,Burglary,Glass Break,Zone 1 – Main Door,2025-03-04,21:47,2nd,Low,E08,Junior,12,19,No,No,No,No,User error,False Alarm – User error
S00419,C2113,Warehouse,Tamper,Cover Removed,Zone 0 – Control Panel,2025-06-03,12:57,1st,Low,E05,Mid,7,15,No,No,No,No,Animal,False Alarm – Animal
S00420,C2070,Shop,Burglary,Motion Detected,Zone 9 – Hallway,2025-04-26,05:29,3rd,Critical,E03,Mid,6,10,No,No,No,No,Environmental,False Alarm – Environmental
S00421,C2016,Home,Panic Button,Emergency Triggered,Zone 2 – Living Room,2025-02-27,00:08,3rd,Critical,E04,Mid,6,18,No,No,No,No,Maintenance,False Alarm – Maintenance
S00422,C2098,Factory,Fire,Heat Sensor,Zone 8 – Control Room,2025-02-13,22:11,2nd,Medium,E02,Senior,2,6,No,No,No,No,Wind / Vibration,False Alarm – Wind / Vibration
S00423,C2125,Warehouse,Fire,Gas Leak,Zone 1 – Main Door,2025-06-29,22:58,2nd,Critical,E01,Senior,1,56,Yes,No,Yes,Yes,N/A,Confirmed Intrusion
S00424,C2087,Factory,Burglary,Motion Detected,Zone 7 – Storage,2025-01-12,18:42,2nd,Low,E08,Junior,11,18,No,No,No,No,Power outage,False Alarm – Power outage
S00425,C2143,School,Burglary,Glass Break,Zone 8 – Control Room,2025-06-13,13:09,1st,Low,E06,Junior,4,13,No,No,No,No,Environmental,False Alarm – Environmental
S00426,C2043,Office,Tamper,Cover Removed,Zone 1 – Main Door,2025-01-12,14:55,1st,Medium,E04,Mid,9,19,No,No,No,No,Animal,False Alarm – Animal
S00427,C2097,Factory,Technical,Power Restored,Zone 0 – Control Panel,2025-01-27,10:35,1st,Low,E02,Senior,2,5,No,No,No,No,N/A,Unclassified
S00428,C2081,Factory,Technical,Sensor Fault,Zone 1 – Main Door,2025-04-11,06:28,3rd,Low,E04,Mid,6,8,No,No,No,No,N/A,Unclassified
S00429,C2024,Home,Technical,Power Loss,Zone 5 – Garage,2025-04-20,07:52,1st,Low,E08,Junior,19,34,No,No,No,No,Sensor Fault,False Alarm – Sensor Fault
S00430,C2058,Shop,Burglary,Alarm Triggered,Zone 9 – Hallway,2025-03-04,15:52,2nd,Critical,E06,Junior,11,83,Yes,Yes,No,Yes,N/A,Confirmed Intrusion
S00431,C2057,Shop,Technical,Power Loss,Zone 1 – Main Door,2025-06-11,08:48,1st,Low,E05,Mid,9,19,No,No,No,No,Sensor Fault,False Alarm – Sensor Fault
S00432,C2028,Office,Burglary,Glass Break,Zone 1 – Main Door,2025-01-25,04:44,3rd,Critical,E03,Mid,11,78,Yes,Yes,No,Yes,N/A,Confirmed Intrusion
S00433,C2051,Shop,Panic Button,Emergency Triggered,Zone 6 – Office,2025-01-09,03:39,3rd,Critical,E05,Mid,6,45,Yes,Yes,No,Yes,N/A,Emergency Confirmed
S00434,C2107,Warehouse,Burglary,Motion Detected,Zone 1 – Main Door,2025-06-24,16:48,2nd,Low,E03,Mid,3,14,No,No,No,No,Wind / Vibration,False Alarm – Wind / Vibration
S00435,C2002,Home,Panic Button,Emergency Triggered,Zone 5 – Garage,2025-05-11,01:31,3rd,Critical,E02,Senior,2,16,No,No,No,No,Maintenance,False Alarm – Maintenance
S00436,C2149,School,Fire,Heat Sensor,Zone 9 – Hallway,2025-02-03,09:44,1st,High,E07,Junior,16,72,Yes,No,Yes,Yes,N/A,Forced Entry
S00437,C2064,Shop,Fire,Gas Leak,Zone 0 – Control Panel,2025-01-23,21:38,2nd,Critical,E07,Junior,12,16,No,No,No,No,User error,False Alarm – User error
S00438,C2132,School,Tamper,Cover Removed,Zone 6 – Office,2025-06-12,13:38,1st,Low,E02,Senior,3,15,No,No,No,No,Dust,False Alarm – Dust
S00439,C2034,Office,Tamper,Tamper Detected,Zone 7 – Storage,2025-06-17,12:58,1st,Medium,E02,Senior,3,12,No,No,No,No,Maintenance,False Alarm – Maintenance
S00440,C2137,School,Burglary,Alarm Triggered,Zone 6 – Office,2025-02-16,13:43,1st,Low,E01,Senior,2,6,No,No,No,No,N/A,Unclassified
S00441,C2015,Home,Tamper,Cover Removed,Zone 2 – Living Room,2025-04-27,15:42,2nd,Low,E09,Junior,12,27,No,No,No,No,User error,False Alarm – User error
S00442,C2076,Factory,Tamper,Tamper Detected,Zone 5 – Garage,2025-03-18,23:44,3rd,Medium,E08,Junior,11,23,No,No,No,No,Environmental,False Alarm – Environmental
S00443,C2144,School,Fire,Smoke Detected,Zone 0 – Control Panel,2025-05-31,10:47,1st,Critical,E03,Mid,5,13,No,No,No,No,N/A,Unclassified
S00444,C2081,Factory,Technical,Low Battery,Zone 7 – Storage,2025-02-04,21:26,2nd,Low,E05,Mid,4,15,No,No,No,No,Maintenance,False Alarm – Maintenance
S00445,C2058,Shop,Tamper,Cover Removed,Zone 8 – Control Room,2025-04-23,14:53,1st,Low,E09,Junior,12,21,No,No,No,No,Dust,False Alarm – Dust
S00446,C2020,Home,Technical,Power Restored,Zone 2 – Living Room,2025-03-24,01:43,3rd,Low,E07,Junior,10,16,No,No,No,No,N/A,Unclassified
S00447,C2042,Office,Technical,Power Loss,Zone 9 – Hallway,2025-01-28,11:08,1st,Low,E07,Junior,14,16,No,No,No,No,Maintenance,False Alarm – Maintenance
S00448,C2083,Factory,Burglary,Glass Break,Zone 7 – Storage,2025-01-19,01:59,3rd,High,E07,Junior,10,13,No,No,No,No,Dust,False Alarm – Dust
S00449,C2057,Shop,Burglary,Motion Detected,Zone 6 – Office,2025-03-02,12:33,1st,Low,E01,Senior,1,11,No,No,No,No,Maintenance,False Alarm – Maintenance
S00450,C2090,Factory,Burglary,Glass Break,Zone 5 – Garage,2025-05-22,21:05,2nd,High,E04,Mid,8,90,Yes,Yes,No,Yes,N/A,Forced Entry
S00451,C2089,Factory,Technical,Power Restored,Zone 0 – Control Panel,2025-02-10,07:07,1st,Low,E08,Junior,14,22,No,No,No,No,Sensor Fault,False Alarm – Sensor Fault
S00452,C2066,Shop,Tamper,Cover Removed,Zone 7 – Storage,2025-06-18,00:24,3rd,Low,E06,Junior,15,25,No,No,No,No,Dust,False Alarm – Dust
S00453,C2012,Home,Burglary,Motion Detected,Zone 3 – Bedroom,2025-03-03,06:31,3rd,Medium,E06,Junior,9,13,No,No,No,No,Animal,False Alarm – Animal
S00454,C2017,Home,Fire,Heat Sensor,Zone 2 – Living Room,2025-01-20,07:40,1st,High,E07,Junior,11,16,No,No,No,No,Animal,False Alarm – Animal
S00455,C2019,Home,Technical,Power Restored,Zone 9 – Hallway,2025-05-17,05:41,3rd,Low,E08,Junior,20,23,No,No,No,No,Power outage,False Alarm – Power outage
S00456,C2046,Office,Technical,Low Battery,Zone 8 – Control Room,2025-06-24,08:03,1st,Low,E05,Mid,12,20,No,No,No,No,N/A,Unclassified
S00457,C2104,Warehouse,Technical,Power Loss,Zone 8 – Control Room,2025-01-15,22:40,2nd,Low,E05,Mid,10,20,No,No,No,No,Power outage,False Alarm – Power outage
S00458,C2017,Home,Tamper,Tamper Detected,Zone 9 – Hallway,2025-01-20,23:41,3rd,Low,E07,Junior,15,29,No,No,No,No,Dust,False Alarm – Dust
S00459,C2023,Home,Fire,Gas Leak,Zone 3 – Bedroom,2025-04-02,11:38,1st,Critical,E04,Mid,8,83,Yes,No,Yes,Yes,N/A,Fire Confirmed
S00460,C2101,Warehouse,Technical,Power Loss,Zone 0 – Control Panel,2025-06-11,18:08,2nd,Low,E03,Mid,7,9,No,No,No,No,Sensor Fault,False Alarm – Sensor Fault
S00461,C2011,Home,Burglary,Motion Detected,Zone 1 – Main Door,2025-06-15,09:07,1st,Critical,E03,Mid,5,59,Yes,No,No,No,N/A,Fire Confirmed
S00462,C2106,Warehouse,Fire,Smoke Detected,Zone 0 – Control Panel,2025-05-16,12:13,1st,High,E05,Mid,7,54,Yes,No,Yes,Yes,N/A,Fire Confirmed
S00463,C2146,School,Burglary,Motion Detected,Zone 1 – Main Door,2025-04-19,16:11,2nd,Critical,E05,Mid,5,28,Yes,Yes,No,Yes,N/A,Emergency Confirmed
S00464,C2149,School,Technical,Power Loss,Zone 0 – Control Panel,2025-05-21,16:12,2nd,Low,E01,Senior,2,5,No,No,No,No,Maintenance,False Alarm – Maintenance
S00465,C2018,Home,Burglary,Alarm Triggered,Zone 2 – Living Room,2025-05-16,11:39,1st,Critical,E02,Senior,3,57,Yes,Yes,No,Yes,N/A,Fire Confirmed
S00466,C2081,Factory,Burglary,Glass Break,Zone 0 – Control Panel,2025-03-03,20:51,2nd,Low,E03,Mid,9,22,No,No,No,No,Wind / Vibration,False Alarm – Wind / Vibration
S00467,C2093,Factory,Tamper,Cover Removed,Zone 5 – Garage,2025-03-29,13:17,1st,High,E02,Senior,3,12,No,No,No,No,Dust,False Alarm – Dust
S00468,C2021,Home,Tamper,Tamper Detected,Zone 3 – Bedroom,2025-02-10,08:11,1st,Low,E01,Senior,1,14,No,No,No,No,Animal,False Alarm – Animal
S00469,C2005,Home,Burglary,Motion Detected,Zone 5 – Garage,2025-05-19,08:57,1st,Low,E04,Mid,3,14,No,No,No,No,Environmental,False Alarm – Environmental
S00470,C2010,Home,Burglary,Alarm Triggered,Zone 5 – Garage,2025-04-19,18:58,2nd,Critical,E07,Junior,7,72,Yes,Yes,No,Yes,N/A,Fire Confirmed
S00471,C2119,Warehouse,Tamper,Tamper Detected,Zone 0 – Control Panel,2025-04-13,03:08,3rd,High,E08,Junior,16,30,No,No,No,No,Environmental,False Alarm – Environmental
S00472,C2132,School,Fire,Gas Leak,Zone 9 – Hallway,2025-03-09,17:48,2nd,High,E04,Mid,8,41,Yes,No,No,No,N/A,Forced Entry
S00473,C2057,Shop,Panic Button,Emergency Triggered,Zone 9 – Hallway,2025-05-27,20:02,2nd,High,E09,Junior,7,48,Yes,Yes,No,Yes,N/A,Emergency Confirmed
S00474,C2117,Warehouse,Tamper,Tamper Detected,Zone 1 – Main Door,2025-02-10,05:30,3rd,Medium,E07,Junior,9,24,No,No,No,No,Wind / Vibration,False Alarm – Wind / Vibration
S00475,C2068,Shop,Burglary,Motion Detected,Zone 7 – Storage,2025-02-20,19:53,2nd,Medium,E06,Junior,11,23,No,No,No,No,Maintenance,False Alarm – Maintenance
S00476,C2065,Shop,Tamper,Tamper Detected,Zone 9 – Hallway,2025-01-28,08:33,1st,High,E07,Junior,13,27,No,No,No,No,Power outage,False Alarm – Power outage
S00477,C2002,Home,Panic Button,Emergency Triggered,Zone 5 – Garage,2025-04-03,14:56,1st,Critical,E01,Senior,2,52,Yes,Yes,No,Yes,N/A,Fire Confirmed
S00478,C2041,Office,Burglary,Motion Detected,Zone 8 – Control Room,2025-06-12,17:11,2nd,Low,E04,Mid,7,20,No,No,No,No,Dust,False Alarm – Dust
S00479,C2123,Warehouse,Panic Button,Emergency Triggered,Zone 8 – Control Room,2025-04-11,08:30,1st,Critical,E02,Senior,3,49,Yes,Yes,No,Yes,N/A,Confirmed Intrusion
S00480,C2042,Office,Technical,Low Battery,Zone 6 – Office,2025-01-28,17:36,2nd,Low,E05,Mid,9,13,No,No,No,No,Sensor Fault,False Alarm – Sensor Fault
S00481,C2145,School,Burglary,Motion Detected,Zone 1 – Main Door,2025-06-22,13:38,1st,High,E08,Junior,18,93,Yes,Yes,No,Yes,N/A,Forced Entry
S00482,C2106,Warehouse,Tamper,Tamper Detected,Zone 0 – Control Panel,2025-06-05,17:14,2nd,Low,E02,Senior,2,15,No,No,No,No,User error,False Alarm – User error
S00483,C2117,Warehouse,Fire,Heat Sensor,Zone 0 – Control Panel,2025-03-16,20:59,2nd,Medium,E06,Junior,13,15,No,No,No,No,Animal,False Alarm – Animal
S00484,C2130,School,Burglary,Glass Break,Zone 0 – Control Panel,2025-06-16,18:33,2nd,Low,E06,Junior,13,15,No,No,No,No,Maintenance,False Alarm – Maintenance
S00485,C2124,Warehouse,Burglary,Motion Detected,Zone 5 – Garage,2025-06-14,00:05,3rd,Low,E02,Senior,3,11,No,No,No,No,Wind / Vibration,False Alarm – Wind / Vibration
S00486,C2012,Home,Burglary,Motion Detected,Zone 9 – Hallway,2025-06-12,13:23,1st,Critical,E03,Mid,6,69,Yes,Yes,No,Yes,N/A,Emergency Confirmed
S00487,C2035,Office,Technical,Sensor Fault,Zone 8 – Control Room,2025-02-18,08:27,1st,Low,E06,Junior,11,17,No,No,No,No,Power outage,False Alarm – Power outage
S00488,C2049,Office,Burglary,Motion Detected,Zone 1 – Main Door,2025-03-06,13:16,1st,Low,E10,Mid,9,17,No,No,No,No,Animal,False Alarm – Animal
S00489,C2081,Factory,Fire,Gas Leak,Zone 0 – Control Panel,2025-06-07,10:44,1st,Medium,E10,Mid,7,96,Yes,No,No,No,N/A,Emergency Confirmed
S00490,C2138,School,Burglary,Motion Detected,Zone 0 – Control Panel,2025-04-17,19:54,2nd,High,E01,Senior,2,16,No,No,No,No,Power outage,False Alarm – Power outage
S00491,C2142,School,Fire,Gas Leak,Zone 8 – Control Room,2025-02-28,10:26,1st,High,E02,Senior,2,49,Yes,No,Yes,Yes,N/A,Emergency Confirmed
S00492,C2102,Warehouse,Technical,Low Battery,Zone 5 – Garage,2025-05-04,12:49,1st,Low,E06,Junior,13,16,No,No,No,No,Maintenance,False Alarm – Maintenance
S00493,C2103,Warehouse,Panic Button,Emergency Triggered,Zone 7 – Storage,2025-04-23,10:32,1st,Critical,E01,Senior,4,30,Yes,Yes,No,Yes,N/A,Fire Confirmed
S00494,C2112,Warehouse,Technical,Low Battery,Zone 1 – Main Door,2025-04-19,06:59,3rd,Low,E05,Mid,3,14,No,No,No,No,Power outage,False Alarm – Power outage
S00495,C2099,Factory,Tamper,Cover Removed,Zone 0 – Control Panel,2025-02-11,23:46,3rd,Low,E03,Mid,10,19,No,No,No,No,Wind / Vibration,False Alarm – Wind / Vibration
S00496,C2052,Shop,Panic Button,Duress Code,Zone 8 – Control Room,2025-01-21,06:00,3rd,Critical,E02,Senior,3,84,Yes,Yes,No,Yes,N/A,Fire Confirmed
S00497,C2010,Home,Technical,Power Restored,Zone 3 – Bedroom,2025-04-02,17:43,2nd,Low,E02,Senior,2,8,No,No,No,No,Power outage,False Alarm – Power outage
S00498,C2102,Warehouse,Burglary,Motion Detected,Zone 8 – Control Room,2025-01-17,05:22,3rd,Medium,E04,Mid,8,11,No,No,No,No,Animal,False Alarm – Animal
S00499,C2144,School,Burglary,Alarm Triggered,Zone 8 – Control Room,2025-06-01,19:46,2nd,High,E04,Mid,7,12,No,No,No,No,Maintenance,False Alarm – Maintenance
S00500,C2104,Warehouse,Burglary,Glass Break,Zone 0 – Control Panel,2025-06-13,06:59,3rd,High,E06,Junior,9,95,Yes,Yes,No,Yes,N/A,Confirmed Intrusion
S00501,C2030,Office,Panic Button,Duress Code,Zone 9 – Hallway,2025-04-08,03:21,3rd,Critical,E07,Junior,12,99,Yes,Yes,No,Yes,N/A,Forced Entry
S00502,C2087,Factory,Burglary,Motion Detected,Zone 0 – Control Panel,2025-01-05,02:48,3rd,Critical,E07,Junior,10,13,No,No,No,No,Power outage,False Alarm – Power outage
S00503,C2098,Factory,Technical,Power Restored,Zone 5 – Garage,2025-01-12,03:04,3rd,Low,E05,Mid,7,17,No,No,No,No,Sensor Fault,False Alarm – Sensor Fault
S00504,C2068,Shop,Fire,Gas Leak,Zone 6 – Office,2025-03-11,15:44,2nd,Medium,E04,Mid,6,9,No,No,No,No,Dust,False Alarm – Dust
S00505,C2081,Factory,Fire,Smoke Detected,Zone 8 – Control Room,2025-06-10,17:30,2nd,Critical,E05,Mid,6,45,Yes,No,Yes,Yes,N/A,Forced Entry
S00506,C2062,Shop,Fire,Smoke Detected,Zone 0 – Control Panel,2025-06-28,02:15,3rd,High,E05,Mid,8,68,Yes,No,Yes,Yes,N/A,Fire Confirmed
S00507,C2021,Home,Panic Button,Duress Code,Zone 9 – Hallway,2025-06-24,00:07,3rd,High,E10,Mid,7,22,No,No,No,No,Animal,False Alarm – Animal
S00508,C2081,Factory,Tamper,Cover Removed,Zone 0 – Control Panel,2025-04-26,14:23,1st,High,E04,Mid,7,13,No,No,No,No,Maintenance,False Alarm – Maintenance
S00509,C2148,School,Technical,Low Battery,Zone 9 – Hallway,2025-03-13,13:14,1st,Medium,E05,Mid,11,21,No,No,No,No,Power outage,False Alarm – Power outage
S00510,C2045,Office,Tamper,Tamper Detected,Zone 0 – Control Panel,2025-01-31,04:25,3rd,High,E09,Junior,11,23,No,No,No,No,N/A,Unclassified
S00511,C2149,School,Panic Button,Duress Code,Zone 1 – Main Door,2025-06-20,02:24,3rd,Critical,E05,Mid,9,94,Yes,Yes,No,Yes,N/A,Emergency Confirmed
S00512,C2121,Warehouse,Burglary,Alarm Triggered,Zone 0 – Control Panel,2025-06-18,10:17,1st,High,E10,Mid,8,76,Yes,Yes,No,Yes,N/A,Emergency Confirmed
S00513,C2103,Warehouse,Burglary,Alarm Triggered,Zone 7 – Storage,2025-02-16,04:54,3rd,Medium,E10,Mid,7,12,No,No,No,No,Wind / Vibration,False Alarm – Wind / Vibration
S00514,C2070,Shop,Burglary,Motion Detected,Zone 6 – Office,2025-02-06,00:46,3rd,Critical,E06,Junior,10,23,No,No,No,No,Environmental,False Alarm – Environmental
S00515,C2003,Home,Technical,Sensor Fault,Zone 2 – Living Room,2025-05-13,01:30,3rd,Medium,E08,Junior,14,28,No,No,No,No,Sensor Fault,False Alarm – Sensor Fault
S00516,C2065,Shop,Burglary,Motion Detected,Zone 7 – Storage,2025-01-23,22:19,2nd,Low,E05,Mid,7,12,No,No,No,No,Animal,False Alarm – Animal
S00517,C2025,Home,Burglary,Motion Detected,Zone 4 – Kitchen,2025-06-07,11:30,1st,High,E06,Junior,13,99,Yes,Yes,No,Yes,N/A,Emergency Confirmed
S00518,C2106,Warehouse,Burglary,Alarm Triggered,Zone 1 – Main Door,2025-02-03,12:01,1st,Medium,E08,Junior,17,21,No,No,No,No,Maintenance,False Alarm – Maintenance
S00519,C2084,Factory,Fire,Gas Leak,Zone 7 – Storage,2025-03-07,11:22,1st,Critical,E06,Junior,10,19,No,No,No,No,Dust,False Alarm – Dust
S00520,C2043,Office,Burglary,Alarm Triggered,Zone 7 – Storage,2025-01-13,01:55,3rd,Critical,E07,Junior,11,35,Yes,Yes,No,Yes,N/A,Confirmed Intrusion
S00521,C2059,Shop,Burglary,Alarm Triggered,Zone 0 – Control Panel,2025-05-16,09:21,1st,High,E03,Mid,7,13,No,No,No,No,Power outage,False Alarm – Power outage
S00522,C2093,Factory,Tamper,Cover Removed,Zone 7 – Storage,2025-02-08,14:49,1st,High,E10,Mid,7,20,No,No,No,No,User error,False Alarm – User error
S00523,C2065,Shop,Fire,Heat Sensor,Zone 8 – Control Room,2025-01-21,10:42,1st,Medium,E07,Junior,13,16,No,No,No,No,Animal,False Alarm – Animal
S00524,C2014,Home,Panic Button,Duress Code,Zone 1 – Main Door,2025-02-01,22:35,2nd,High,E06,Junior,8,33,Yes,Yes,No,Yes,N/A,Forced Entry
S00525,C2064,Shop,Panic Button,Duress Code,Zone 8 – Control Room,2025-02-21,19:14,2nd,Critical,E03,Mid,5,41,Yes,Yes,No,Yes,N/A,Confirmed Intrusion
S00526,C2092,Factory,Panic Button,Duress Code,Zone 8 – Control Room,2025-03-20,15:42,2nd,Critical,E01,Senior,1,11,No,No,No,No,Dust,False Alarm – Dust
S00527,C2139,School,Fire,Heat Sensor,Zone 9 – Hallway,2025-01-08,14:08,1st,Critical,E02,Senior,3,90,Yes,No,Yes,Yes,N/A,Forced Entry
S00528,C2089,Factory,Fire,Heat Sensor,Zone 0 – Control Panel,2025-03-16,11:58,1st,High,E02,Senior,2,10,No,No,No,No,Dust,False Alarm – Dust
S00529,C2078,Factory,Burglary,Glass Break,Zone 1 – Main Door,2025-04-03,11:09,1st,Medium,E07,Junior,9,22,No,No,No,No,Animal,False Alarm – Animal
S00530,C2123,Warehouse,Burglary,Glass Break,Zone 7 – Storage,2025-05-19,06:48,3rd,Critical,E04,Mid,9,11,No,No,No,No,Environmental,False Alarm – Environmental
S00531,C2106,Warehouse,Tamper,Cover Removed,Zone 0 – Control Panel,2025-06-11,12:12,1st,High,E09,Junior,13,21,No,No,No,No,Wind / Vibration,False Alarm – Wind / Vibration
S00532,C2068,Shop,Tamper,Cover Removed,Zone 1 – Main Door,2025-04-22,05:14,3rd,Low,E02,Senior,2,16,No,No,No,No,Maintenance,False Alarm – Maintenance
S00533,C2137,School,Tamper,Cover Removed,Zone 6 – Office,2025-06-06,19:18,2nd,Low,E07,Junior,14,17,No,No,No,No,Dust,False Alarm – Dust
S00534,C2116,Warehouse,Burglary,Motion Detected,Zone 7 – Storage,2025-06-10,14:39,1st,Critical,E05,Mid,9,30,Yes,Yes,No,Yes,N/A,Confirmed Intrusion
S00535,C2073,Shop,Burglary,Glass Break,Zone 0 – Control Panel,2025-01-25,09:06,1st,Critical,E06,Junior,9,43,Yes,Yes,No,Yes,N/A,Confirmed Intrusion
S00536,C2088,Factory,Fire,Gas Leak,Zone 0 – Control Panel,2025-04-11,22:13,2nd,Critical,E07,Junior,12,14,No,No,No,No,Environmental,False Alarm – Environmental
S00537,C2038,Office,Burglary,Alarm Triggered,Zone 1 – Main Door,2025-04-09,20:05,2nd,Critical,E03,Mid,6,45,Yes,Yes,No,Yes,N/A,Emergency Confirmed
S00538,C2004,Home,Technical,Power Restored,Zone 1 – Main Door,2025-01-13,21:53,2nd,Medium,E08,Junior,12,17,No,No,No,No,N/A,Unclassified
S00539,C2118,Warehouse,Technical,Power Restored,Zone 1 – Main Door,2025-01-16,15:12,2nd,Medium,E07,Junior,14,21,No,No,No,No,Sensor Fault,False Alarm – Sensor Fault
S00540,C2011,Home,Burglary,Motion Detected,Zone 9 – Hallway,2025-03-28,17:40,2nd,Low,E02,Senior,3,10,No,No,No,No,User error,False Alarm – User error
S00541,C2056,Shop,Tamper,Tamper Detected,Zone 1 – Main Door,2025-01-07,07:55,1st,High,E10,Mid,8,19,No,No,No,No,Dust,False Alarm – Dust
S00542,C2063,Shop,Technical,Low Battery,Zone 1 – Main Door,2025-02-23,08:25,1st,Medium,E04,Mid,6,13,No,No,No,No,Maintenance,False Alarm – Maintenance
S00543,C2041,Office,Burglary,Glass Break,Zone 0 – Control Panel,2025-01-13,08:15,1st,High,E05,Mid,8,10,No,No,No,No,Wind / Vibration,False Alarm – Wind / Vibration
S00544,C2040,Office,Technical,Low Battery,Zone 7 – Storage,2025-02-15,07:22,1st,Low,E08,Junior,11,21,No,No,No,No,Sensor Fault,False Alarm – Sensor Fault
S00545,C2113,Warehouse,Fire,Smoke Detected,Zone 5 – Garage,2025-03-22,12:51,1st,Critical,E04,Mid,9,29,Yes,No,Yes,Yes,N/A,Forced Entry
S00546,C2076,Factory,Fire,Heat Sensor,Zone 7 – Storage,2025-04-26,14:35,1st,Critical,E09,Junior,5,64,Yes,No,Yes,Yes,N/A,Emergency Confirmed
S00547,C2142,School,Burglary,Glass Break,Zone 9 – Hallway,2025-03-31,06:17,3rd,Medium,E08,Junior,12,19,No,No,No,No,Maintenance,False Alarm – Maintenance
S00548,C2130,School,Burglary,Motion Detected,Zone 0 – Control Panel,2025-01-27,22:00,2nd,Medium,E04,Mid,10,24,No,No,No,No,Dust,False Alarm – Dust
S00549,C2017,Home,Fire,Heat Sensor,Zone 9 – Hallway,2025-06-11,10:20,1st,Critical,E02,Senior,4,89,Yes,No,Yes,Yes,N/A,Fire Confirmed
S00550,C2105,Warehouse,Fire,Smoke Detected,Zone 7 – Storage,2025-01-07,11:20,1st,Medium,E01,Senior,2,6,No,No,No,No,Environmental,False Alarm – Environmental
S00551,C2009,Home,Panic Button,Emergency Triggered,Zone 2 – Living Room,2025-02-12,01:55,3rd,Critical,E07,Junior,13,77,Yes,Yes,No,Yes,N/A,Forced Entry
S00552,C2094,Factory,Tamper,Tamper Detected,Zone 5 – Garage,2025-01-08,03:03,3rd,Low,E05,Mid,10,25,No,No,No,No,Power outage,False Alarm – Power outage
S00553,C2016,Home,Burglary,Motion Detected,Zone 3 – Bedroom,2025-02-28,08:29,1st,Critical,E02,Senior,3,18,No,No,No,No,Animal,False Alarm – Animal
S00554,C2011,Home,Tamper,Tamper Detected,Zone 9 – Hallway,2025-03-20,11:33,1st,Medium,E06,Junior,6,9,No,No,No,No,Maintenance,False Alarm – Maintenance
S00555,C2060,Shop,Tamper,Cover Removed,Zone 7 – Storage,2025-04-14,00:46,3rd,Low,E10,Mid,8,20,No,No,No,No,Maintenance,False Alarm – Maintenance
S00556,C2143,School,Burglary,Motion Detected,Zone 0 – Control Panel,2025-01-28,01:35,3rd,Low,E07,Junior,11,20,No,No,No,No,Wind / Vibration,False Alarm – Wind / Vibration
S00557,C2027,Office,Technical,Power Restored,Zone 6 – Office,2025-04-16,05:56,3rd,Medium,E04,Mid,9,19,No,No,No,No,Maintenance,False Alarm – Maintenance
S00558,C2091,Factory,Burglary,Motion Detected,Zone 8 – Control Room,2025-04-05,06:59,3rd,High,E04,Mid,7,15,No,No,No,No,Wind / Vibration,False Alarm – Wind / Vibration
S00559,C2062,Shop,Tamper,Tamper Detected,Zone 7 – Storage,2025-02-21,12:38,1st,High,E06,Junior,11,18,No,No,No,No,Dust,False Alarm – Dust
S00560,C2102,Warehouse,Burglary,Motion Detected,Zone 1 – Main Door,2025-01-26,14:28,1st,Low,E06,Junior,10,14,No,No,No,No,Maintenance,False Alarm – Maintenance
S00561,C2077,Factory,Burglary,Glass Break,Zone 5 – Garage,2025-02-23,19:00,2nd,High,E07,Junior,12,62,Yes,Yes,No,Yes,N/A,Fire Confirmed
S00562,C2118,Warehouse,Burglary,Glass Break,Zone 7 – Storage,2025-02-15,08:02,1st,Medium,E08,Junior,12,17,No,No,No,No,User error,False Alarm – User error
S00563,C2077,Factory,Fire,Heat Sensor,Zone 1 – Main Door,2025-03-19,19:51,2nd,Critical,E01,Senior,2,26,Yes,No,Yes,Yes,N/A,Emergency Confirmed
S00564,C2125,Warehouse,Tamper,Tamper Detected,Zone 0 – Control Panel,2025-06-21,06:11,3rd,Medium,E02,Senior,1,4,No,No,No,No,Power outage,False Alarm – Power outage
S00565,C2086,Factory,Technical,Sensor Fault,Zone 8 – Control Room,2025-03-16,23:58,3rd,Medium,E03,Mid,4,19,No,No,No,No,Power outage,False Alarm – Power outage
S00566,C2003,Home,Burglary,Motion Detected,Zone 9 – Hallway,2025-03-30,02:47,3rd,Critical,E02,Senior,3,58,Yes,Yes,No,Yes,N/A,Fire Confirmed
S00567,C2057,Shop,Technical,Low Battery,Zone 6 – Office,2025-06-03,12:32,1st,Medium,E07,Junior,15,20,No,No,No,No,Power outage,False Alarm – Power outage
S00568,C2101,Warehouse,Technical,Power Restored,Zone 5 – Garage,2025-02-12,21:18,2nd,Low,E07,Junior,8,18,No,No,No,No,Power outage,False Alarm – Power outage
S00569,C2022,Home,Tamper,Cover Removed,Zone 4 – Kitchen,2025-05-21,05:16,3rd,Low,E04,Mid,7,16,No,No,No,No,User error,False Alarm – User error
S00570,C2147,School,Panic Button,Emergency Triggered,Zone 9 – Hallway,2025-03-22,13:41,1st,Critical,E06,Junior,7,63,Yes,Yes,No,Yes,N/A,Confirmed Intrusion
S00571,C2106,Warehouse,Technical,Power Loss,Zone 8 – Control Room,2025-03-27,16:42,2nd,Low,E08,Junior,14,25,No,No,No,No,Sensor Fault,False Alarm – Sensor Fault
S00572,C2079,Factory,Technical,Power Loss,Zone 5 – Garage,2025-06-20,07:49,1st,Medium,E03,Mid,3,5,No,No,No,No,N/A,Unclassified
S00573,C2096,Factory,Burglary,Motion Detected,Zone 5 – Garage,2025-02-24,02:12,3rd,Low,E05,Mid,7,11,No,No,No,No,Maintenance,False Alarm – Maintenance
S00574,C2088,Factory,Technical,Power Loss,Zone 1 – Main Door,2025-05-21,11:00,1st,Medium,E02,Senior,2,7,No,No,No,No,Sensor Fault,False Alarm – Sensor Fault
S00575,C2140,School,Fire,Gas Leak,Zone 8 – Control Room,2025-06-04,02:13,3rd,Critical,E04,Mid,12,29,Yes,No,No,No,N/A,Forced Entry
S00576,C2044,Office,Technical,Power Loss,Zone 1 – Main Door,2025-05-28,23:16,3rd,Low,E10,Mid,7,9,No,No,No,No,Sensor Fault,False Alarm – Sensor Fault
S00577,C2003,Home,Tamper,Cover Removed,Zone 1 – Main Door,2025-04-01,14:41,1st,Medium,E10,Mid,9,24,No,No,No,No,Dust,False Alarm – Dust
S00578,C2075,Shop,Burglary,Alarm Triggered,Zone 8 – Control Room,2025-03-23,16:01,2nd,Medium,E03,Mid,3,6,No,No,No,No,Wind / Vibration,False Alarm – Wind / Vibration
S00579,C2137,School,Burglary,Glass Break,Zone 1 – Main Door,2025-04-19,04:31,3rd,Medium,E08,Junior,16,21,No,No,No,No,Animal,False Alarm – Animal
S00580,C2126,School,Tamper,Tamper Detected,Zone 0 – Control Panel,2025-05-25,11:21,1st,Low,E03,Mid,8,14,No,No,No,No,Wind / Vibration,False Alarm – Wind / Vibration
S00581,C2071,Shop,Fire,Heat Sensor,Zone 1 – Main Door,2025-03-09,18:32,2nd,Critical,E04,Mid,10,12,No,No,No,No,Environmental,False Alarm – Environmental
S00582,C2039,Office,Fire,Gas Leak,Zone 8 – Control Room,2025-05-27,11:14,1st,High,E09,Junior,11,55,Yes,No,Yes,Yes,N/A,Forced Entry
S00583,C2040,Office,Fire,Gas Leak,Zone 0 – Control Panel,2025-06-03,02:36,3rd,Critical,E06,Junior,10,42,Yes,No,Yes,Yes,N/A,Fire Confirmed
S00584,C2135,School,Burglary,Alarm Triggered,Zone 9 – Hallway,2025-04-26,09:19,1st,Medium,E04,Mid,1,8,No,No,No,No,User error,False Alarm – User error
S00585,C2137,School,Burglary,Glass Break,Zone 1 – Main Door,2025-04-22,00:35,3rd,High,E01,Senior,1,15,No,No,No,No,Animal,False Alarm – Animal
S00586,C2106,Warehouse,Burglary,Alarm Triggered,Zone 8 – Control Room,2025-01-24,04:56,3rd,Critical,E06,Junior,11,61,Yes,Yes,No,Yes,N/A,Fire Confirmed
S00587,C2034,Office,Technical,Low Battery,Zone 6 – Office,2025-01-24,10:06,1st,Low,E05,Mid,6,17,No,No,No,No,Maintenance,False Alarm – Maintenance
S00588,C2007,Home,Burglary,Glass Break,Zone 3 – Bedroom,2025-04-26,18:14,2nd,Critical,E01,Senior,2,77,Yes,Yes,No,Yes,N/A,Emergency Confirmed
S00589,C2100,Factory,Panic Button,Duress Code,Zone 0 – Control Panel,2025-03-03,17:54,2nd,Critical,E01,Senior,3,70,Yes,Yes,No,Yes,N/A,Confirmed Intrusion
S00590,C2057,Shop,Burglary,Motion Detected,Zone 8 – Control Room,2025-06-17,11:26,1st,Medium,E04,Mid,5,20,No,No,No,No,Power outage,False Alarm – Power outage
S00591,C2084,Factory,Burglary,Glass Break,Zone 0 – Control Panel,2025-01-03,06:44,3rd,Critical,E02,Senior,4,67,Yes,Yes,No,Yes,N/A,Emergency Confirmed
S00592,C2147,School,Technical,Low Battery,Zone 8 – Control Room,2025-06-13,05:39,3rd,Low,E05,Mid,5,10,No,No,No,No,Power outage,False Alarm – Power outage
S00593,C2011,Home,Technical,Sensor Fault,Zone 5 – Garage,2025-02-19,05:47,3rd,Low,E03,Mid,5,13,No,No,No,No,N/A,Unclassified
S00594,C2074,Shop,Fire,Smoke Detected,Zone 9 – Hallway,2025-05-03,03:49,3rd,Critical,E02,Senior,2,83,Yes,No,No,No,N/A,Fire Confirmed
S00595,C2116,Warehouse,Panic Button,Emergency Triggered,Zone 1 – Main Door,2025-01-22,22:53,2nd,Critical,E05,Mid,7,91,Yes,Yes,No,Yes,N/A,Fire Confirmed
S00596,C2083,Factory,Tamper,Tamper Detected,Zone 0 – Control Panel,2025-02-01,13:26,1st,Low,E06,Junior,8,17,No,No,No,No,User error,False Alarm – User error
S00597,C2083,Factory,Fire,Heat Sensor,Zone 5 – Garage,2025-05-19,16:16,2nd,Medium,E04,Mid,7,79,Yes,No,No,No,N/A,Emergency Confirmed
S00598,C2099,Factory,Burglary,Motion Detected,Zone 7 – Storage,2025-05-03,00:33,3rd,Medium,E05,Mid,8,12,No,No,No,No,Environmental,False Alarm – Environmental
S00599,C2039,Office,Technical,Power Restored,Zone 6 – Office,2025-02-20,20:36,2nd,Low,E08,Junior,15,23,No,No,No,No,Power outage,False Alarm – Power outage
S00600,C2115,Warehouse,Burglary,Motion Detected,Zone 7 – Storage,2025-05-03,03:19,3rd,Medium,E02,Senior,3,34,Yes,No,No,No,N/A,Fire Confirmed
S00601,C2065,Shop,Burglary,Alarm Triggered,Zone 1 – Main Door,2025-05-06,07:39,1st,Critical,E01,Senior,2,13,No,No,No,No,Animal,False Alarm – Animal
S00602,C2056,Shop,Technical,Sensor Fault,Zone 7 – Storage,2025-03-25,06:15,3rd,Medium,E07,Junior,10,21,No,No,No,No,Power outage,False Alarm – Power outage
S00603,C2141,School,Fire,Heat Sensor,Zone 6 – Office,2025-03-17,23:15,3rd,High,E06,Junior,10,69,Yes,No,Yes,Yes,N/A,Confirmed Intrusion
S00604,C2009,Home,Tamper,Cover Removed,Zone 9 – Hallway,2025-04-10,01:54,3rd,Medium,E04,Mid,3,11,No,No,No,No,N/A,Unclassified
S00605,C2073,Shop,Burglary,Motion Detected,Zone 7 – Storage,2025-03-24,01:10,3rd,Medium,E08,Junior,15,17,No,No,No,No,Dust,False Alarm – Dust
S00606,C2077,Factory,Fire,Gas Leak,Zone 8 – Control Room,2025-05-12,16:49,2nd,Critical,E05,Mid,7,92,Yes,No,Yes,Yes,N/A,Confirmed Intrusion
S00607,C2035,Office,Fire,Heat Sensor,Zone 1 – Main Door,2025-06-26,19:30,2nd,Critical,E02,Senior,2,43,Yes,No,Yes,Yes,N/A,Fire Confirmed
S00608,C2147,School,Technical,Low Battery,Zone 8 – Control Room,2025-03-05,23:06,3rd,Medium,E03,Mid,6,14,No,No,No,No,Sensor Fault,False Alarm – Sensor Fault
S00609,C2135,School,Burglary,Motion Detected,Zone 8 – Control Room,2025-02-12,04:16,3rd,High,E04,Mid,8,18,No,No,No,No,Power outage,False Alarm – Power outage
S00610,C2047,Office,Burglary,Glass Break,Zone 9 – Hallway,2025-04-25,22:31,2nd,High,E04,Mid,6,8,No,No,No,No,N/A,Unclassified
S00611,C2031,Office,Technical,Power Restored,Zone 7 – Storage,2025-04-29,22:40,2nd,Medium,E09,Junior,11,18,No,No,No,No,Sensor Fault,False Alarm – Sensor Fault
S00612,C2052,Shop,Burglary,Alarm Triggered,Zone 8 – Control Room,2025-05-06,18:00,2nd,High,E05,Mid,6,16,No,No,No,No,Maintenance,False Alarm – Maintenance
S00613,C2002,Home,Tamper,Cover Removed,Zone 1 – Main Door,2025-05-14,12:49,1st,Medium,E05,Mid,6,21,No,No,No,No,Animal,False Alarm – Animal
S00614,C2085,Factory,Burglary,Motion Detected,Zone 8 – Control Room,2025-01-19,01:12,3rd,Critical,E02,Senior,1,5,No,No,No,No,Wind / Vibration,False Alarm – Wind / Vibration
S00615,C2118,Warehouse,Tamper,Cover Removed,Zone 0 – Control Panel,2025-06-16,06:09,3rd,High,E07,Junior,8,10,No,No,No,No,Wind / Vibration,False Alarm – Wind / Vibration
S00616,C2081,Factory,Panic Button,Emergency Triggered,Zone 7 – Storage,2025-05-27,03:36,3rd,Critical,E10,Mid,8,68,Yes,Yes,No,Yes,N/A,Confirmed Intrusion
S00617,C2008,Home,Fire,Gas Leak,Zone 3 – Bedroom,2025-01-24,09:17,1st,High,E10,Mid,8,11,No,No,No,No,Maintenance,False Alarm – Maintenance
S00618,C2081,Factory,Panic Button,Duress Code,Zone 1 – Main Door,2025-01-17,11:45,1st,Critical,E09,Junior,9,71,Yes,Yes,No,Yes,N/A,Forced Entry
S00619,C2135,School,Tamper,Tamper Detected,Zone 6 – Office,2025-06-18,03:13,3rd,Low,E05,Mid,5,10,No,No,No,No,N/A,Unclassified
S00620,C2130,School,Fire,Gas Leak,Zone 1 – Main Door,2025-05-11,08:28,1st,High,E03,Mid,4,86,Yes,No,No,No,N/A,Emergency Confirmed
S00621,C2026,Office,Tamper,Tamper Detected,Zone 9 – Hallway,2025-05-04,20:09,2nd,Low,E02,Senior,2,17,No,No,No,No,Wind / Vibration,False Alarm – Wind / Vibration
S00622,C2080,Factory,Burglary,Motion Detected,Zone 1 – Main Door,2025-01-20,08:00,1st,Low,E06,Junior,11,21,No,No,No,No,Animal,False Alarm – Animal
S00623,C2148,School,Panic Button,Emergency Triggered,Zone 6 – Office,2025-03-25,11:01,1st,Critical,E05,Mid,5,88,Yes,Yes,No,Yes,N/A,Emergency Confirmed
S00624,C2031,Office,Tamper,Tamper Detected,Zone 8 – Control Room,2025-01-27,06:42,3rd,Low,E06,Junior,14,25,No,No,No,No,N/A,Unclassified
S00625,C2139,School,Burglary,Motion Detected,Zone 6 – Office,2025-04-10,08:13,1st,High,E03,Mid,6,57,Yes,No,No,No,N/A,Fire Confirmed
S00626,C2080,Factory,Tamper,Cover Removed,Zone 7 – Storage,2025-02-22,01:04,3rd,High,E08,Junior,9,11,No,No,No,No,Wind / Vibration,False Alarm – Wind / Vibration
S00627,C2014,Home,Tamper,Cover Removed,Zone 1 – Main Door,2025-05-03,00:24,3rd,High,E04,Mid,7,19,No,No,No,No,Maintenance,False Alarm – Maintenance
S00628,C2092,Factory,Burglary,Alarm Triggered,Zone 8 – Control Room,2025-02-14,22:39,2nd,Medium,E05,Mid,6,9,No,No,No,No,Maintenance,False Alarm – Maintenance
S00629,C2034,Office,Tamper,Cover Removed,Zone 1 – Main Door,2025-05-09,14:36,1st,Low,E06,Junior,8,22,No,No,No,No,Wind / Vibration,False Alarm – Wind / Vibration
S00630,C2060,Shop,Burglary,Glass Break,Zone 6 – Office,2025-06-15,14:30,1st,High,E05,Mid,8,20,No,No,No,No,Wind / Vibration,False Alarm – Wind / Vibration
S00631,C2084,Factory,Burglary,Alarm Triggered,Zone 0 – Control Panel,2025-06-12,04:50,3rd,Low,E08,Junior,16,31,No,No,No,No,Power outage,False Alarm – Power outage
S00632,C2090,Factory,Burglary,Motion Detected,Zone 7 – Storage,2025-05-03,01:18,3rd,Medium,E06,Junior,11,25,No,No,No,No,Wind / Vibration,False Alarm – Wind / Vibration
S00633,C2143,School,Tamper,Cover Removed,Zone 1 – Main Door,2025-01-17,16:20,2nd,High,E07,Junior,13,18,No,No,No,No,Maintenance,False Alarm – Maintenance
S00634,C2099,Factory,Technical,Power Loss,Zone 1 – Main Door,2025-05-31,09:30,1st,Low,E01,Senior,1,15,No,No,No,No,N/A,Unclassified
S00635,C2088,Factory,Burglary,Motion Detected,Zone 7 – Storage,2025-04-20,13:36,1st,Medium,E01,Senior,4,17,No,No,No,No,Wind / Vibration,False Alarm – Wind / Vibration
S00636,C2119,Warehouse,Panic Button,Emergency Triggered,Zone 7 – Storage,2025-02-27,22:07,2nd,Critical,E03,Mid,6,29,Yes,Yes,No,Yes,N/A,Confirmed Intrusion
S00637,C2127,School,Fire,Smoke Detected,Zone 1 – Main Door,2025-05-18,05:20,3rd,High,E05,Mid,9,21,No,No,No,No,Environmental,False Alarm – Environmental
S00638,C2038,Office,Tamper,Tamper Detected,Zone 7 – Storage,2025-05-11,15:48,2nd,High,E07,Junior,9,18,No,No,No,No,Maintenance,False Alarm – Maintenance
S00639,C2082,Factory,Fire,Heat Sensor,Zone 8 – Control Room,2025-01-08,10:13,1st,Critical,E08,Junior,15,22,No,No,No,No,Wind / Vibration,False Alarm – Wind / Vibration
S00640,C2003,Home,Technical,Sensor Fault,Zone 5 – Garage,2025-04-23,00:37,3rd,Low,E08,Junior,23,25,No,No,No,No,Power outage,False Alarm – Power outage
S00641,C2073,Shop,Fire,Smoke Detected,Zone 1 – Main Door,2025-03-23,04:07,3rd,Critical,E05,Mid,8,63,Yes,No,Yes,Yes,N/A,Forced Entry
S00642,C2112,Warehouse,Tamper,Tamper Detected,Zone 0 – Control Panel,2025-06-17,21:24,2nd,Low,E09,Junior,9,24,No,No,No,No,Power outage,False Alarm – Power outage
S00643,C2107,Warehouse,Fire,Gas Leak,Zone 5 – Garage,2025-04-02,20:53,2nd,High,E08,Junior,13,46,Yes,No,Yes,Yes,N/A,Forced Entry
S00644,C2022,Home,Fire,Heat Sensor,Zone 2 – Living Room,2025-05-15,13:08,1st,Critical,E08,Junior,19,30,No,No,No,No,Power outage,False Alarm – Power outage
S00645,C2131,School,Fire,Heat Sensor,Zone 0 – Control Panel,2025-05-09,01:29,3rd,Critical,E05,Mid,5,74,Yes,No,Yes,Yes,N/A,Confirmed Intrusion
S00646,C2061,Shop,Burglary,Motion Detected,Zone 8 – Control Room,2025-06-06,14:54,1st,High,E07,Junior,10,12,No,No,No,No,Dust,False Alarm – Dust
S00647,C2124,Warehouse,Fire,Smoke Detected,Zone 7 – Storage,2025-04-19,23:36,3rd,Critical,E06,Junior,15,28,No,No,No,No,Wind / Vibration,False Alarm – Wind / Vibration
S00648,C2133,School,Fire,Heat Sensor,Zone 1 – Main Door,2025-06-02,11:29,1st,Medium,E08,Junior,11,14,No,No,No,No,Wind / Vibration,False Alarm – Wind / Vibration
S00649,C2014,Home,Burglary,Motion Detected,Zone 3 – Bedroom,2025-06-02,03:39,3rd,Low,E08,Junior,19,32,No,No,No,No,Maintenance,False Alarm – Maintenance
S00650,C2091,Factory,Technical,Power Loss,Zone 8 – Control Room,2025-06-26,20:26,2nd,Low,E08,Junior,18,31,No,No,No,No,Sensor Fault,False Alarm – Sensor Fault
S00651,C2122,Warehouse,Panic Button,Emergency Triggered,Zone 0 – Control Panel,2025-03-02,19:03,2nd,High,E05,Mid,7,25,Yes,Yes,No,Yes,N/A,Emergency Confirmed
S00652,C2033,Office,Burglary,Glass Break,Zone 9 – Hallway,2025-06-19,06:05,3rd,High,E05,Mid,6,56,Yes,Yes,No,Yes,N/A,Emergency Confirmed
S00653,C2029,Office,Tamper,Tamper Detected,Zone 9 – Hallway,2025-06-07,15:47,2nd,Low,E02,Senior,2,8,No,No,No,No,User error,False Alarm – User error
S00654,C2047,Office,Fire,Smoke Detected,Zone 9 – Hallway,2025-02-15,18:31,2nd,Critical,E03,Mid,7,22,No,No,No,No,Maintenance,False Alarm – Maintenance
S00655,C2127,School,Panic Button,Duress Code,Zone 0 – Control Panel,2025-04-14,01:53,3rd,Critical,E06,Junior,11,47,Yes,Yes,No,Yes,N/A,Fire Confirmed
S00656,C2068,Shop,Burglary,Glass Break,Zone 1 – Main Door,2025-06-07,12:03,1st,Medium,E09,Junior,7,20,No,No,No,No,Power outage,False Alarm – Power outage
S00657,C2100,Factory,Burglary,Alarm Triggered,Zone 0 – Control Panel,2025-05-02,10:24,1st,Medium,E03,Mid,11,25,No,No,No,No,Dust,False Alarm – Dust
S00658,C2081,Factory,Fire,Heat Sensor,Zone 7 – Storage,2025-06-16,14:24,1st,Medium,E03,Mid,7,90,Yes,No,No,No,N/A,Emergency Confirmed
S00659,C2070,Shop,Panic Button,Duress Code,Zone 0 – Control Panel,2025-05-23,05:39,3rd,Critical,E10,Mid,10,18,No,No,No,No,Maintenance,False Alarm – Maintenance
S00660,C2062,Shop,Fire,Heat Sensor,Zone 8 – Control Room,2025-01-19,06:49,3rd,High,E07,Junior,10,17,No,No,No,No,User error,False Alarm – User error
S00661,C2003,Home,Fire,Smoke Detected,Zone 1 – Main Door,2025-06-06,15:43,2nd,Critical,E07,Junior,13,85,Yes,No,Yes,Yes,N/A,Emergency Confirmed
S00662,C2073,Shop,Burglary,Glass Break,Zone 0 – Control Panel,2025-02-17,18:46,2nd,Low,E04,Mid,11,37,Yes,No,No,No,N/A,Confirmed Intrusion
S00663,C2032,Office,Fire,Smoke Detected,Zone 7 – Storage,2025-05-08,02:38,3rd,Medium,E02,Senior,3,17,No,No,No,No,Wind / Vibration,False Alarm – Wind / Vibration
S00664,C2029,Office,Fire,Smoke Detected,Zone 7 – Storage,2025-02-27,17:57,2nd,Critical,E01,Senior,3,27,Yes,No,Yes,Yes,N/A,Forced Entry
S00665,C2110,Warehouse,Tamper,Cover Removed,Zone 7 – Storage,2025-01-17,03:49,3rd,Low,E05,Mid,6,14,No,No,No,No,Animal,False Alarm – Animal
S00666,C2016,Home,Burglary,Alarm Triggered,Zone 3 – Bedroom,2025-01-26,13:21,1st,Medium,E07,Junior,12,23,No,No,No,No,User error,False Alarm – User error
S00667,C2126,School,Fire,Smoke Detected,Zone 1 – Main Door,2025-04-30,05:11,3rd,Critical,E07,Junior,10,81,Yes,No,Yes,Yes,N/A,Emergency Confirmed
S00668,C2019,Home,Fire,Heat Sensor,Zone 1 – Main Door,2025-04-28,00:02,3rd,Critical,E02,Senior,2,11,No,No,No,No,N/A,Unclassified
S00669,C2001,Home,Fire,Heat Sensor,Zone 1 – Main Door,2025-06-18,01:41,3rd,Critical,E01,Senior,3,68,Yes,No,Yes,Yes,N/A,Confirmed Intrusion
S00670,C2112,Warehouse,Burglary,Motion Detected,Zone 8 – Control Room,2025-06-28,14:30,1st,Low,E01,Senior,2,15,No,No,No,No,N/A,Unclassified
S00671,C2146,School,Panic Button,Duress Code,Zone 8 – Control Room,2025-01-06,22:07,2nd,Critical,E09,Junior,11,37,Yes,Yes,No,Yes,N/A,Emergency Confirmed
S00672,C2118,Warehouse,Fire,Heat Sensor,Zone 7 – Storage,2025-06-22,20:05,2nd,High,E10,Mid,7,71,Yes,No,Yes,Yes,N/A,Fire Confirmed
S00673,C2100,Factory,Panic Button,Duress Code,Zone 1 – Main Door,2025-01-20,03:44,3rd,Critical,E02,Senior,2,41,Yes,Yes,No,Yes,N/A,Fire Confirmed
S00674,C2007,Home,Tamper,Tamper Detected,Zone 9 – Hallway,2025-03-05,15:12,2nd,High,E04,Mid,5,11,No,No,No,No,Wind / Vibration,False Alarm – Wind / Vibration
S00675,C2116,Warehouse,Tamper,Tamper Detected,Zone 1 – Main Door,2025-03-01,06:34,3rd,Medium,E07,Junior,11,19,No,No,No,No,Animal,False Alarm – Animal
S00676,C2134,School,Burglary,Motion Detected,Zone 0 – Control Panel,2025-04-02,16:13,2nd,Medium,E02,Senior,4,6,No,No,No,No,Animal,False Alarm – Animal
S00677,C2005,Home,Tamper,Tamper Detected,Zone 4 – Kitchen,2025-02-17,09:31,1st,Low,E06,Junior,12,24,No,No,No,No,User error,False Alarm – User error
S00678,C2079,Factory,Tamper,Cover Removed,Zone 1 – Main Door,2025-02-08,23:57,3rd,Low,E01,Senior,3,6,No,No,No,No,Environmental,False Alarm – Environmental
S00679,C2057,Shop,Burglary,Glass Break,Zone 1 – Main Door,2025-02-13,00:31,3rd,Critical,E02,Senior,3,69,Yes,Yes,No,Yes,N/A,Emergency Confirmed
S00680,C2148,School,Panic Button,Emergency Triggered,Zone 8 – Control Room,2025-05-25,08:43,1st,Critical,E03,Mid,7,9,No,No,No,No,Environmental,False Alarm – Environmental
S00681,C2017,Home,Panic Button,Duress Code,Zone 1 – Main Door,2025-03-31,01:21,3rd,Critical,E05,Mid,7,69,Yes,Yes,No,Yes,N/A,Fire Confirmed
S00682,C2149,School,Fire,Smoke Detected,Zone 1 – Main Door,2025-01-13,06:15,3rd,Medium,E06,Junior,7,21,No,No,No,No,Power outage,False Alarm – Power outage
S00683,C2125,Warehouse,Burglary,Glass Break,Zone 1 – Main Door,2025-02-26,09:01,1st,Low,E05,Mid,7,18,No,No,No,No,Wind / Vibration,False Alarm – Wind / Vibration
S00684,C2122,Warehouse,Tamper,Tamper Detected,Zone 5 – Garage,2025-03-21,11:26,1st,Low,E04,Mid,9,14,No,No,No,No,Power outage,False Alarm – Power outage
S00685,C2010,Home,Technical,Power Restored,Zone 5 – Garage,2025-03-31,17:39,2nd,Medium,E05,Mid,10,22,No,No,No,No,Power outage,False Alarm – Power outage
S00686,C2108,Warehouse,Burglary,Motion Detected,Zone 1 – Main Door,2025-06-15,03:22,3rd,Medium,E06,Junior,17,28,No,No,No,No,Animal,False Alarm – Animal
S00687,C2139,School,Burglary,Glass Break,Zone 8 – Control Room,2025-06-05,20:55,2nd,Critical,E05,Mid,8,58,Yes,Yes,No,Yes,N/A,Confirmed Intrusion
S00688,C2039,Office,Tamper,Cover Removed,Zone 7 – Storage,2025-01-23,02:07,3rd,High,E08,Junior,13,15,No,No,No,No,Animal,False Alarm – Animal
S00689,C2054,Shop,Fire,Gas Leak,Zone 9 – Hallway,2025-03-25,20:18,2nd,Critical,E01,Senior,2,75,Yes,No,Yes,Yes,N/A,Confirmed Intrusion
S00690,C2014,Home,Technical,Power Restored,Zone 5 – Garage,2025-01-05,16:47,2nd,Low,E08,Junior,13,23,No,No,No,No,N/A,Unclassified
S00691,C2061,Shop,Fire,Gas Leak,Zone 8 – Control Room,2025-02-25,08:04,1st,Critical,E06,Junior,15,71,Yes,No,Yes,Yes,N/A,Fire Confirmed
S00692,C2059,Shop,Burglary,Glass Break,Zone 1 – Main Door,2025-05-26,00:20,3rd,Critical,E04,Mid,6,9,No,No,No,No,User error,False Alarm – User error
S00693,C2125,Warehouse,Technical,Sensor Fault,Zone 1 – Main Door,2025-02-07,14:37,1st,Low,E04,Mid,9,13,No,No,No,No,N/A,Unclassified
S00694,C2035,Office,Panic Button,Emergency Triggered,Zone 0 – Control Panel,2025-04-19,21:23,2nd,Critical,E02,Senior,3,5,No,No,No,No,User error,False Alarm – User error
S00695,C2035,Office,Burglary,Alarm Triggered,Zone 1 – Main Door,2025-01-13,07:17,1st,Critical,E03,Mid,7,50,Yes,Yes,No,Yes,N/A,Emergency Confirmed
S00696,C2044,Office,Burglary,Motion Detected,Zone 9 – Hallway,2025-02-17,09:50,1st,Medium,E01,Senior,3,84,Yes,No,No,No,N/A,Forced Entry
S00697,C2122,Warehouse,Tamper,Cover Removed,Zone 8 – Control Room,2025-06-01,18:37,2nd,Low,E01,Senior,3,8,No,No,No,No,User error,False Alarm – User error
S00698,C2149,School,Fire,Heat Sensor,Zone 9 – Hallway,2025-04-09,04:27,3rd,High,E05,Mid,9,11,No,No,No,No,Power outage,False Alarm – Power outage
S00699,C2130,School,Technical,Sensor Fault,Zone 1 – Main Door,2025-03-24,15:30,2nd,Medium,E07,Junior,16,25,No,No,No,No,Power outage,False Alarm – Power outage
S00700,C2022,Home,Panic Button,Emergency Triggered,Zone 5 – Garage,2025-06-20,22:15,2nd,Critical,E07,Junior,10,15,No,No,No,No,Dust,False Alarm – Dust
S00701,C2123,Warehouse,Burglary,Glass Break,Zone 7 – Storage,2025-05-19,00:01,3rd,Critical,E04,Mid,8,17,No,No,No,No,Animal,False Alarm – Animal
S00702,C2036,Office,Technical,Sensor Fault,Zone 7 – Storage,2025-06-02,22:49,2nd,Low,E08,Junior,19,34,No,No,No,No,Power outage,False Alarm – Power outage
S00703,C2086,Factory,Fire,Smoke Detected,Zone 7 – Storage,2025-06-04,00:24,3rd,Critical,E08,Junior,18,28,No,No,No,No,Maintenance,False Alarm – Maintenance
S00704,C2021,Home,Technical,Power Loss,Zone 5 – Garage,2025-06-18,18:50,2nd,Low,E01,Senior,1,3,No,No,No,No,Sensor Fault,False Alarm – Sensor Fault
S00705,C2094,Factory,Tamper,Tamper Detected,Zone 0 – Control Panel,2025-05-30,08:24,1st,Medium,E06,Junior,12,15,No,No,No,No,Wind / Vibration,False Alarm – Wind / Vibration
S00706,C2086,Factory,Technical,Low Battery,Zone 5 – Garage,2025-06-24,18:08,2nd,Medium,E01,Senior,1,15,No,No,No,No,Maintenance,False Alarm – Maintenance
S00707,C2091,Factory,Panic Button,Duress Code,Zone 8 – Control Room,2025-06-27,02:20,3rd,Critical,E05,Mid,8,80,Yes,Yes,No,Yes,N/A,Forced Entry
S00708,C2137,School,Fire,Gas Leak,Zone 8 – Control Room,2025-06-15,16:30,2nd,Critical,E03,Mid,7,30,Yes,No,Yes,Yes,N/A,Fire Confirmed
S00709,C2021,Home,Burglary,Glass Break,Zone 4 – Kitchen,2025-03-07,22:05,2nd,High,E09,Junior,15,21,No,No,No,No,User error,False Alarm – User error
S00710,C2038,Office,Tamper,Tamper Detected,Zone 0 – Control Panel,2025-06-17,16:44,2nd,Low,E01,Senior,3,11,No,No,No,No,Dust,False Alarm – Dust
S00711,C2089,Factory,Tamper,Cover Removed,Zone 0 – Control Panel,2025-06-07,01:30,3rd,Low,E03,Mid,8,22,No,No,No,No,Environmental,False Alarm – Environmental
S00712,C2134,School,Tamper,Cover Removed,Zone 6 – Office,2025-02-14,02:53,3rd,Medium,E04,Mid,10,21,No,No,No,No,Power outage,False Alarm – Power outage
S00713,C2078,Factory,Burglary,Glass Break,Zone 7 – Storage,2025-03-29,06:29,3rd,High,E03,Mid,8,84,Yes,Yes,No,Yes,N/A,Emergency Confirmed
S00714,C2013,Home,Technical,Power Loss,Zone 2 – Living Room,2025-04-29,19:49,2nd,Low,E08,Junior,15,28,No,No,No,No,Maintenance,False Alarm – Maintenance
S00715,C2045,Office,Burglary,Motion Detected,Zone 7 – Storage,2025-04-20,11:11,1st,Medium,E10,Mid,8,19,No,No,No,No,Dust,False Alarm – Dust
S00716,C2067,Shop,Panic Button,Emergency Triggered,Zone 0 – Control Panel,2025-04-04,09:28,1st,Critical,E06,Junior,11,66,Yes,Yes,No,Yes,N/A,Emergency Confirmed
S00717,C2115,Warehouse,Burglary,Glass Break,Zone 0 – Control Panel,2025-03-12,09:23,1st,High,E05,Mid,6,84,Yes,Yes,No,Yes,N/A,Fire Confirmed
S00718,C2082,Factory,Panic Button,Emergency Triggered,Zone 5 – Garage,2025-02-21,22:59,2nd,Critical,E10,Mid,7,59,Yes,Yes,No,Yes,N/A,Fire Confirmed
S00719,C2029,Office,Burglary,Alarm Triggered,Zone 7 – Storage,2025-02-09,14:21,1st,Low,E02,Senior,3,5,No,No,No,No,Dust,False Alarm – Dust
S00720,C2057,Shop,Burglary,Alarm Triggered,Zone 9 – Hallway,2025-04-03,13:39,1st,Low,E03,Mid,4,15,No,No,No,No,User error,False Alarm – User error
S00721,C2072,Shop,Burglary,Glass Break,Zone 6 – Office,2025-02-18,10:50,1st,Low,E10,Mid,9,12,No,No,No,No,Wind / Vibration,False Alarm – Wind / Vibration
S00722,C2126,School,Burglary,Motion Detected,Zone 6 – Office,2025-01-10,21:12,2nd,Low,E06,Junior,14,27,No,No,No,No,User error,False Alarm – User error
S00723,C2099,Factory,Technical,Low Battery,Zone 8 – Control Room,2025-04-22,13:23,1st,Low,E05,Mid,7,16,No,No,No,No,Sensor Fault,False Alarm – Sensor Fault
S00724,C2114,Warehouse,Fire,Gas Leak,Zone 8 – Control Room,2025-04-16,08:13,1st,Critical,E02,Senior,3,72,Yes,No,Yes,Yes,N/A,Forced Entry
S00725,C2023,Home,Tamper,Tamper Detected,Zone 2 – Living Room,2025-03-30,17:53,2nd,Medium,E08,Junior,11,14,No,No,No,No,Dust,False Alarm – Dust
S00726,C2002,Home,Panic Button,Duress Code,Zone 4 – Kitchen,2025-03-04,13:05,1st,Critical,E06,Junior,13,100,Yes,Yes,No,Yes,N/A,Fire Confirmed
S00727,C2098,Factory,Burglary,Motion Detected,Zone 8 – Control Room,2025-02-09,18:11,2nd,Critical,E04,Mid,7,96,Yes,Yes,No,Yes,N/A,Emergency Confirmed
S00728,C2119,Warehouse,Tamper,Tamper Detected,Zone 5 – Garage,2025-06-21,06:35,3rd,Low,E02,Senior,4,19,No,No,No,No,Wind / Vibration,False Alarm – Wind / Vibration
S00729,C2074,Shop,Burglary,Glass Break,Zone 9 – Hallway,2025-02-17,22:07,2nd,Critical,E03,Mid,6,9,No,No,No,No,Animal,False Alarm – Animal
S00730,C2018,Home,Technical,Power Loss,Zone 5 – Garage,2025-05-21,03:31,3rd,Medium,E05,Mid,7,19,No,No,No,No,Sensor Fault,False Alarm – Sensor Fault
S00731,C2031,Office,Fire,Heat Sensor,Zone 8 – Control Room,2025-03-18,22:44,2nd,Medium,E06,Junior,11,15,No,No,No,No,Animal,False Alarm – Animal
S00732,C2035,Office,Burglary,Glass Break,Zone 8 – Control Room,2025-01-25,04:29,3rd,Low,E02,Senior,1,3,No,No,No,No,Dust,False Alarm – Dust
S00733,C2136,School,Burglary,Motion Detected,Zone 1 – Main Door,2025-04-30,11:18,1st,Medium,E03,Mid,7,18,No,No,No,No,Animal,False Alarm – Animal
S00734,C2083,Factory,Panic Button,Duress Code,Zone 8 – Control Room,2025-05-30,17:34,2nd,Critical,E04,Mid,6,33,Yes,Yes,No,Yes,N/A,Emergency Confirmed
S00735,C2036,Office,Fire,Gas Leak,Zone 9 – Hallway,2025-03-03,09:00,1st,Critical,E06,Junior,9,12,No,No,No,No,User error,False Alarm – User error
S00736,C2129,School,Panic Button,Emergency Triggered,Zone 9 – Hallway,2025-06-26,02:09,3rd,High,E04,Mid,7,36,Yes,No,No,No,N/A,Fire Confirmed
S00737,C2090,Factory,Burglary,Motion Detected,Zone 8 – Control Room,2025-02-21,23:30,3rd,High,E03,Mid,6,87,Yes,Yes,No,Yes,N/A,Emergency Confirmed
S00738,C2078,Factory,Tamper,Tamper Detected,Zone 1 – Main Door,2025-05-30,01:45,3rd,Low,E06,Junior,12,17,No,No,No,No,Wind / Vibration,False Alarm – Wind / Vibration
S00739,C2054,Shop,Tamper,Tamper Detected,Zone 6 – Office,2025-06-26,19:08,2nd,High,E02,Senior,1,3,No,No,No,No,Animal,False Alarm – Animal
S00740,C2111,Warehouse,Burglary,Glass Break,Zone 1 – Main Door,2025-01-17,14:48,1st,Low,E09,Junior,10,90,Yes,No,No,No,N/A,Confirmed Intrusion
S00741,C2065,Shop,Burglary,Glass Break,Zone 1 – Main Door,2025-01-23,14:07,1st,High,E03,Mid,6,9,No,No,No,No,Environmental,False Alarm – Environmental
S00742,C2052,Shop,Burglary,Motion Detected,Zone 6 – Office,2025-06-05,02:37,3rd,High,E05,Mid,8,58,Yes,Yes,No,Yes,N/A,Emergency Confirmed
S00743,C2129,School,Technical,Power Restored,Zone 8 – Control Room,2025-05-25,04:10,3rd,Low,E04,Mid,7,17,No,No,No,No,Power outage,False Alarm – Power outage
S00744,C2050,Office,Burglary,Glass Break,Zone 8 – Control Room,2025-06-20,10:45,1st,Low,E04,Mid,11,21,No,No,No,No,User error,False Alarm – User error
S00745,C2048,Office,Tamper,Tamper Detected,Zone 0 – Control Panel,2025-06-17,14:23,1st,Low,E05,Mid,6,11,No,No,No,No,Power outage,False Alarm – Power outage
S00746,C2029,Office,Panic Button,Emergency Triggered,Zone 8 – Control Room,2025-05-08,10:26,1st,Critical,E03,Mid,7,68,Yes,Yes,No,Yes,N/A,Emergency Confirmed
S00747,C2084,Factory,Burglary,Glass Break,Zone 0 – Control Panel,2025-04-21,07:05,1st,Critical,E03,Mid,5,59,Yes,Yes,No,Yes,N/A,Forced Entry
S00748,C2105,Warehouse,Burglary,Alarm Triggered,Zone 7 – Storage,2025-05-16,10:35,1st,Medium,E04,Mid,8,17,No,No,No,No,Environmental,False Alarm – Environmental
S00749,C2004,Home,Tamper,Cover Removed,Zone 9 – Hallway,2025-02-11,20:11,2nd,Low,E02,Senior,2,5,No,No,No,No,Wind / Vibration,False Alarm – Wind / Vibration
S00750,C2102,Warehouse,Technical,Low Battery,Zone 8 – Control Room,2025-03-26,00:09,3rd,Low,E04,Mid,9,16,No,No,No,No,Maintenance,False Alarm – Maintenance
S00751,C2104,Warehouse,Technical,Power Restored,Zone 1 – Main Door,2025-04-12,10:38,1st,Medium,E06,Junior,9,23,No,No,No,No,Sensor Fault,False Alarm – Sensor Fault
S00752,C2103,Warehouse,Burglary,Alarm Triggered,Zone 7 – Storage,2025-05-19,11:48,1st,Critical,E02,Senior,3,17,No,No,No,No,User error,False Alarm – User error
S00753,C2032,Office,Burglary,Alarm Triggered,Zone 8 – Control Room,2025-04-14,06:06,3rd,Critical,E05,Mid,5,23,Yes,No,No,No,N/A,Confirmed Intrusion
S00754,C2018,Home,Technical,Low Battery,Zone 4 – Kitchen,2025-02-07,23:53,3rd,Low,E07,Junior,14,18,No,No,No,No,Sensor Fault,False Alarm – Sensor Fault
S00755,C2025,Home,Technical,Sensor Fault,Zone 1 – Main Door,2025-06-26,11:39,1st,Medium,E01,Senior,3,12,No,No,No,No,N/A,Unclassified
S00756,C2088,Factory,Burglary,Motion Detected,Zone 7 – Storage,2025-03-24,11:34,1st,Low,E01,Senior,3,11,No,No,No,No,N/A,Unclassified
S00757,C2116,Warehouse,Burglary,Alarm Triggered,Zone 7 – Storage,2025-01-28,08:24,1st,Critical,E07,Junior,13,99,Yes,Yes,No,Yes,N/A,Emergency Confirmed
S00758,C2111,Warehouse,Burglary,Alarm Triggered,Zone 5 – Garage,2025-06-04,09:31,1st,Critical,E04,Mid,7,84,Yes,Yes,No,Yes,N/A,Forced Entry
S00759,C2041,Office,Fire,Smoke Detected,Zone 9 – Hallway,2025-04-29,06:35,3rd,Critical,E04,Mid,7,70,Yes,No,Yes,Yes,N/A,Emergency Confirmed
S00760,C2016,Home,Tamper,Tamper Detected,Zone 1 – Main Door,2025-03-14,03:20,3rd,Low,E06,Junior,6,17,No,No,No,No,Wind / Vibration,False Alarm – Wind / Vibration
S00761,C2088,Factory,Burglary,Glass Break,Zone 0 – Control Panel,2025-03-08,07:48,1st,Critical,E08,Junior,12,71,Yes,Yes,No,Yes,N/A,Confirmed Intrusion
S00762,C2061,Shop,Fire,Gas Leak,Zone 8 – Control Room,2025-04-15,02:15,3rd,Medium,E05,Mid,10,13,No,No,No,No,Dust,False Alarm – Dust
S00763,C2006,Home,Tamper,Cover Removed,Zone 5 – Garage,2025-04-05,12:10,1st,Low,E04,Mid,6,16,No,No,No,No,Maintenance,False Alarm – Maintenance
S00764,C2006,Home,Technical,Sensor Fault,Zone 9 – Hallway,2025-03-30,05:17,3rd,Low,E06,Junior,10,21,No,No,No,No,N/A,Unclassified
S00765,C2147,School,Burglary,Alarm Triggered,Zone 1 – Main Door,2025-03-25,05:20,3rd,Low,E07,Junior,6,16,No,No,No,No,Power outage,False Alarm – Power outage
S00766,C2077,Factory,Burglary,Alarm Triggered,Zone 8 – Control Room,2025-05-23,04:10,3rd,Medium,E07,Junior,12,15,No,No,No,No,Environmental,False Alarm – Environmental
S00767,C2068,Shop,Burglary,Alarm Triggered,Zone 1 – Main Door,2025-01-25,10:18,1st,Critical,E04,Mid,6,19,No,No,No,No,Animal,False Alarm – Animal
S00768,C2087,Factory,Panic Button,Emergency Triggered,Zone 8 – Control Room,2025-02-16,08:37,1st,Critical,E01,Senior,3,27,Yes,Yes,No,Yes,N/A,Emergency Confirmed
S00769,C2139,School,Technical,Power Restored,Zone 6 – Office,2025-04-14,19:27,2nd,Medium,E04,Mid,8,20,No,No,No,No,N/A,Unclassified
S00770,C2005,Home,Burglary,Motion Detected,Zone 9 – Hallway,2025-01-05,09:56,1st,Medium,E04,Mid,8,21,No,No,No,No,Environmental,False Alarm – Environmental
S00771,C2137,School,Burglary,Alarm Triggered,Zone 8 – Control Room,2025-04-12,14:17,1st,Low,E06,Junior,12,17,No,No,No,No,User error,False Alarm – User error
S00772,C2077,Factory,Tamper,Cover Removed,Zone 0 – Control Panel,2025-03-17,01:47,3rd,Medium,E07,Junior,17,22,No,No,No,No,Wind / Vibration,False Alarm – Wind / Vibration
S00773,C2074,Shop,Technical,Power Restored,Zone 8 – Control Room,2025-05-05,05:17,3rd,Low,E03,Mid,6,14,No,No,No,No,Maintenance,False Alarm – Maintenance
S00774,C2039,Office,Burglary,Glass Break,Zone 6 – Office,2025-06-11,10:07,1st,Medium,E07,Junior,12,22,No,No,No,No,Power outage,False Alarm – Power outage
S00775,C2010,Home,Tamper,Tamper Detected,Zone 2 – Living Room,2025-01-22,13:27,1st,Medium,E03,Mid,3,9,No,No,No,No,Environmental,False Alarm – Environmental
S00776,C2011,Home,Burglary,Alarm Triggered,Zone 9 – Hallway,2025-05-29,01:41,3rd,Low,E09,Junior,13,24,No,No,No,No,Dust,False Alarm – Dust
S00777,C2017,Home,Burglary,Alarm Triggered,Zone 4 – Kitchen,2025-01-08,11:55,1st,Low,E06,Junior,11,15,No,No,No,No,Environmental,False Alarm – Environmental
S00778,C2147,School,Panic Button,Emergency Triggered,Zone 8 – Control Room,2025-03-19,02:07,3rd,Critical,E02,Senior,2,32,Yes,Yes,No,Yes,N/A,Emergency Confirmed
S00779,C2150,School,Technical,Power Restored,Zone 0 – Control Panel,2025-03-13,04:53,3rd,Medium,E04,Mid,3,7,No,No,No,No,Power outage,False Alarm – Power outage
S00780,C2113,Warehouse,Tamper,Cover Removed,Zone 8 – Control Room,2025-06-12,10:17,1st,Low,E01,Senior,2,9,No,No,No,No,Animal,False Alarm – Animal
S00781,C2064,Shop,Burglary,Glass Break,Zone 0 – Control Panel,2025-05-31,21:30,2nd,High,E05,Mid,5,59,Yes,Yes,No,Yes,N/A,Confirmed Intrusion
S00782,C2014,Home,Technical,Power Restored,Zone 9 – Hallway,2025-05-26,07:53,1st,Low,E08,Junior,17,31,No,No,No,No,Sensor Fault,False Alarm – Sensor Fault
S00783,C2061,Shop,Burglary,Alarm Triggered,Zone 9 – Hallway,2025-05-15,16:34,2nd,Low,E06,Junior,11,17,No,No,No,No,Dust,False Alarm – Dust
S00784,C2061,Shop,Burglary,Glass Break,Zone 0 – Control Panel,2025-03-22,16:59,2nd,Medium,E07,Junior,13,27,No,No,No,No,Environmental,False Alarm – Environmental
S00785,C2009,Home,Technical,Low Battery,Zone 3 – Bedroom,2025-05-02,05:50,3rd,Medium,E06,Junior,7,22,No,No,No,No,N/A,Unclassified
S00786,C2109,Warehouse,Tamper,Tamper Detected,Zone 1 – Main Door,2025-03-06,20:45,2nd,Medium,E06,Junior,9,22,No,No,No,No,Maintenance,False Alarm – Maintenance
S00787,C2008,Home,Burglary,Motion Detected,Zone 1 – Main Door,2025-05-08,20:29,2nd,Medium,E04,Mid,6,8,No,No,No,No,User error,False Alarm – User error
S00788,C2079,Factory,Fire,Heat Sensor,Zone 8 – Control Room,2025-05-24,13:12,1st,Medium,E02,Senior,2,48,Yes,No,No,No,N/A,Fire Confirmed
S00789,C2082,Factory,Burglary,Alarm Triggered,Zone 0 – Control Panel,2025-01-31,13:50,1st,Medium,E10,Mid,6,13,No,No,No,No,Environmental,False Alarm – Environmental
S00790,C2022,Home,Fire,Gas Leak,Zone 4 – Kitchen,2025-01-08,11:12,1st,High,E04,Mid,5,93,Yes,No,Yes,Yes,N/A,Fire Confirmed
S00791,C2143,School,Fire,Heat Sensor,Zone 8 – Control Room,2025-05-05,15:01,2nd,High,E07,Junior,17,23,No,No,No,No,User error,False Alarm – User error
S00792,C2103,Warehouse,Technical,Sensor Fault,Zone 0 – Control Panel,2025-06-16,01:03,3rd,Low,E02,Senior,3,7,No,No,No,No,Sensor Fault,False Alarm – Sensor Fault
S00793,C2135,School,Technical,Sensor Fault,Zone 0 – Control Panel,2025-04-04,16:00,2nd,Medium,E05,Mid,8,13,No,No,No,No,Maintenance,False Alarm – Maintenance
S00794,C2127,School,Burglary,Glass Break,Zone 0 – Control Panel,2025-02-01,19:18,2nd,Critical,E04,Mid,7,13,No,No,No,No,Environmental,False Alarm – Environmental
S00795,C2047,Office,Burglary,Glass Break,Zone 0 – Control Panel,2025-01-06,10:26,1st,Low,E03,Mid,6,15,No,No,No,No,Maintenance,False Alarm – Maintenance
S00796,C2150,School,Technical,Low Battery,Zone 0 – Control Panel,2025-02-10,10:23,1st,Low,E08,Junior,13,26,No,No,No,No,Sensor Fault,False Alarm – Sensor Fault
S00797,C2055,Shop,Fire,Gas Leak,Zone 8 – Control Room,2025-02-04,05:43,3rd,Critical,E06,Junior,11,21,No,No,No,No,Animal,False Alarm – Animal
S00798,C2086,Factory,Fire,Gas Leak,Zone 5 – Garage,2025-03-28,15:03,2nd,Critical,E02,Senior,2,13,No,No,No,No,Environmental,False Alarm – Environmental
S00799,C2065,Shop,Tamper,Cover Removed,Zone 7 – Storage,2025-03-14,07:00,1st,Medium,E03,Mid,7,17,No,No,No,No,User error,False Alarm – User error
S00800,C2046,Office,Burglary,Glass Break,Zone 8 – Control Room,2025-01-30,23:37,3rd,Critical,E04,Mid,3,6,No,No,No,No,User error,False Alarm – User error
S00801,C2136,School,Tamper,Tamper Detected,Zone 0 – Control Panel,2025-01-25,04:45,3rd,Medium,E07,Junior,14,18,No,No,No,No,N/A,Unclassified
S00802,C2072,Shop,Panic Button,Duress Code,Zone 8 – Control Room,2025-01-25,06:55,3rd,Critical,E01,Senior,2,50,Yes,Yes,No,Yes,N/A,Emergency Confirmed
S00803,C2043,Office,Technical,Sensor Fault,Zone 8 – Control Room,2025-04-09,13:57,1st,Low,E09,Junior,8,10,No,No,No,No,N/A,Unclassified
S00804,C2014,Home,Technical,Power Restored,Zone 2 – Living Room,2025-05-06,02:09,3rd,Low,E05,Mid,5,18,No,No,No,No,Maintenance,False Alarm – Maintenance
S00805,C2030,Office,Fire,Smoke Detected,Zone 0 – Control Panel,2025-02-23,14:27,1st,Critical,E01,Senior,3,80,Yes,No,Yes,Yes,N/A,Forced Entry
S00806,C2038,Office,Tamper,Cover Removed,Zone 1 – Main Door,2025-05-24,14:07,1st,Low,E04,Mid,8,12,No,No,No,No,Environmental,False Alarm – Environmental
S00807,C2150,School,Fire,Heat Sensor,Zone 9 – Hallway,2025-02-17,03:36,3rd,Medium,E06,Junior,17,20,No,No,No,No,Power outage,False Alarm – Power outage
S00808,C2128,School,Fire,Gas Leak,Zone 1 – Main Door,2025-03-13,02:49,3rd,Medium,E06,Junior,14,22,No,No,No,No,Animal,False Alarm – Animal
S00809,C2028,Office,Technical,Power Restored,Zone 8 – Control Room,2025-05-04,20:37,2nd,Low,E08,Junior,13,22,No,No,No,No,N/A,Unclassified
S00810,C2002,Home,Burglary,Glass Break,Zone 3 – Bedroom,2025-01-08,03:38,3rd,Critical,E03,Mid,5,92,Yes,Yes,No,Yes,N/A,Fire Confirmed
S00811,C2013,Home,Burglary,Alarm Triggered,Zone 9 – Hallway,2025-04-03,18:55,2nd,High,E03,Mid,9,20,No,No,No,No,Maintenance,False Alarm – Maintenance
S00812,C2103,Warehouse,Fire,Smoke Detected,Zone 7 – Storage,2025-06-29,21:05,2nd,High,E04,Mid,4,6,No,No,No,No,Animal,False Alarm – Animal
S00813,C2100,Factory,Burglary,Alarm Triggered,Zone 0 – Control Panel,2025-06-24,18:10,2nd,Medium,E06,Junior,12,89,Yes,No,No,No,N/A,Forced Entry
S00814,C2034,Office,Burglary,Motion Detected,Zone 8 – Control Room,2025-01-29,11:57,1st,Low,E04,Mid,8,17,No,No,No,No,Power outage,False Alarm – Power outage
S00815,C2069,Shop,Burglary,Motion Detected,Zone 7 – Storage,2025-05-30,13:30,1st,Critical,E07,Junior,6,68,Yes,Yes,No,Yes,N/A,Fire Confirmed
S00816,C2110,Warehouse,Tamper,Tamper Detected,Zone 1 – Main Door,2025-02-03,13:40,1st,Medium,E03,Mid,8,20,No,No,No,No,Wind / Vibration,False Alarm – Wind / Vibration
S00817,C2127,School,Burglary,Motion Detected,Zone 8 – Control Room,2025-01-22,09:59,1st,Low,E02,Senior,3,12,No,No,No,No,Environmental,False Alarm – Environmental
S00818,C2033,Office,Technical,Power Loss,Zone 7 – Storage,2025-04-26,03:09,3rd,Low,E07,Junior,9,20,No,No,No,No,Sensor Fault,False Alarm – Sensor Fault
S00819,C2020,Home,Burglary,Motion Detected,Zone 1 – Main Door,2025-05-12,07:35,1st,Low,E07,Junior,9,21,No,No,No,No,Power outage,False Alarm – Power outage
S00820,C2066,Shop,Burglary,Glass Break,Zone 7 – Storage,2025-03-09,11:22,1st,Low,E10,Mid,8,22,No,No,No,No,User error,False Alarm – User error
S00821,C2101,Warehouse,Burglary,Glass Break,Zone 1 – Main Door,2025-04-16,17:53,2nd,Critical,E01,Senior,3,16,No,No,No,No,Maintenance,False Alarm – Maintenance
S00822,C2116,Warehouse,Burglary,Alarm Triggered,Zone 0 – Control Panel,2025-03-26,06:48,3rd,High,E05,Mid,5,10,No,No,No,No,User error,False Alarm – User error
S00823,C2067,Shop,Fire,Smoke Detected,Zone 8 – Control Room,2025-03-07,17:05,2nd,Critical,E05,Mid,7,36,Yes,No,Yes,Yes,N/A,Confirmed Intrusion
S00824,C2123,Warehouse,Technical,Sensor Fault,Zone 8 – Control Room,2025-01-16,09:41,1st,Medium,E07,Junior,17,30,No,No,No,No,Sensor Fault,False Alarm – Sensor Fault
S00825,C2078,Factory,Burglary,Glass Break,Zone 1 – Main Door,2025-05-09,13:51,1st,Medium,E06,Junior,6,35,Yes,No,No,No,N/A,Confirmed Intrusion
S00826,C2007,Home,Tamper,Cover Removed,Zone 2 – Living Room,2025-04-02,10:54,1st,Low,E08,Junior,16,26,No,No,No,No,Environmental,False Alarm – Environmental
S00827,C2078,Factory,Fire,Smoke Detected,Zone 0 – Control Panel,2025-05-10,18:05,2nd,Critical,E01,Senior,2,36,Yes,No,Yes,Yes,N/A,Forced Entry
S00828,C2006,Home,Burglary,Motion Detected,Zone 4 – Kitchen,2025-03-16,06:30,3rd,Medium,E07,Junior,10,18,No,No,No,No,Environmental,False Alarm – Environmental
S00829,C2003,Home,Tamper,Cover Removed,Zone 1 – Main Door,2025-04-23,23:21,3rd,High,E01,Senior,3,16,No,No,No,No,Maintenance,False Alarm – Maintenance
S00830,C2125,Warehouse,Tamper,Cover Removed,Zone 8 – Control Room,2025-03-18,03:02,3rd,High,E03,Mid,6,14,No,No,No,No,Animal,False Alarm – Animal
S00831,C2017,Home,Tamper,Cover Removed,Zone 3 – Bedroom,2025-01-22,12:35,1st,High,E02,Senior,1,8,No,No,No,No,Wind / Vibration,False Alarm – Wind / Vibration
S00832,C2112,Warehouse,Burglary,Glass Break,Zone 1 – Main Door,2025-03-14,22:44,2nd,High,E02,Senior,4,9,No,No,No,No,Power outage,False Alarm – Power outage
S00833,C2087,Factory,Tamper,Cover Removed,Zone 7 – Storage,2025-06-25,10:37,1st,Low,E05,Mid,4,12,No,No,No,No,Power outage,False Alarm – Power outage
S00834,C2121,Warehouse,Technical,Power Restored,Zone 5 – Garage,2025-06-04,20:50,2nd,Low,E04,Mid,7,19,No,No,No,No,Power outage,False Alarm – Power outage
S00835,C2045,Office,Panic Button,Emergency Triggered,Zone 6 – Office,2025-01-15,06:08,3rd,Critical,E04,Mid,5,83,Yes,Yes,No,Yes,N/A,Emergency Confirmed
S00836,C2143,School,Burglary,Glass Break,Zone 1 – Main Door,2025-03-19,02:13,3rd,High,E08,Junior,12,16,No,No,No,No,User error,False Alarm – User error
S00837,C2017,Home,Burglary,Alarm Triggered,Zone 3 – Bedroom,2025-02-27,15:51,2nd,Low,E07,Junior,12,21,No,No,No,No,User error,False Alarm – User error
S00838,C2091,Factory,Panic Button,Duress Code,Zone 1 – Main Door,2025-03-21,03:21,3rd,Critical,E02,Senior,1,13,No,No,No,No,Maintenance,False Alarm – Maintenance
S00839,C2013,Home,Technical,Sensor Fault,Zone 4 – Kitchen,2025-06-22,00:45,3rd,Low,E04,Mid,8,23,No,No,No,No,Power outage,False Alarm – Power outage
S00840,C2027,Office,Fire,Heat Sensor,Zone 6 – Office,2025-04-14,07:32,1st,Medium,E01,Senior,1,14,No,No,No,No,User error,False Alarm – User error
S00841,C2114,Warehouse,Tamper,Cover Removed,Zone 0 – Control Panel,2025-05-20,11:45,1st,Low,E06,Junior,8,12,No,No,No,No,Environmental,False Alarm – Environmental
S00842,C2052,Shop,Fire,Gas Leak,Zone 9 – Hallway,2025-02-13,00:54,3rd,Medium,E05,Mid,6,81,Yes,No,No,No,N/A,Emergency Confirmed
S00843,C2044,Office,Fire,Gas Leak,Zone 1 – Main Door,2025-01-05,11:32,1st,Critical,E06,Junior,10,22,No,No,No,No,Wind / Vibration,False Alarm – Wind / Vibration
S00844,C2136,School,Burglary,Glass Break,Zone 0 – Control Panel,2025-04-07,10:09,1st,Medium,E06,Junior,11,20,No,No,No,No,Power outage,False Alarm – Power outage
S00845,C2114,Warehouse,Panic Button,Emergency Triggered,Zone 5 – Garage,2025-04-20,12:01,1st,High,E08,Junior,15,51,Yes,Yes,No,Yes,N/A,Forced Entry
S00846,C2010,Home,Panic Button,Emergency Triggered,Zone 9 – Hallway,2025-01-29,07:25,1st,High,E04,Mid,8,20,No,No,No,No,Environmental,False Alarm – Environmental
S00847,C2103,Warehouse,Burglary,Alarm Triggered,Zone 0 – Control Panel,2025-06-22,03:26,3rd,High,E04,Mid,5,11,No,No,No,No,N/A,Unclassified
S00848,C2104,Warehouse,Technical,Power Restored,Zone 8 – Control Room,2025-04-06,09:44,1st,Medium,E05,Mid,7,21,No,No,No,No,N/A,Unclassified
S00849,C2078,Factory,Burglary,Glass Break,Zone 1 – Main Door,2025-06-06,10:56,1st,High,E09,Junior,6,16,No,No,No,No,User error,False Alarm – User error
S00850,C2024,Home,Fire,Heat Sensor,Zone 5 – Garage,2025-06-30,11:13,1st,Critical,E05,Mid,6,41,Yes,No,Yes,Yes,N/A,Confirmed Intrusion
S00851,C2139,School,Tamper,Cover Removed,Zone 8 – Control Room,2025-03-11,15:56,2nd,Low,E04,Mid,9,19,No,No,No,No,Power outage,False Alarm – Power outage
S00852,C2016,Home,Tamper,Cover Removed,Zone 3 – Bedroom,2025-04-18,00:46,3rd,Medium,E07,Junior,15,24,No,No,No,No,Animal,False Alarm – Animal
S00853,C2002,Home,Technical,Power Loss,Zone 4 – Kitchen,2025-01-04,19:36,2nd,Low,E02,Senior,3,10,No,No,No,No,Maintenance,False Alarm – Maintenance
S00854,C2147,School,Fire,Heat Sensor,Zone 9 – Hallway,2025-03-27,11:18,1st,Critical,E06,Junior,13,69,Yes,No,Yes,Yes,N/A,Fire Confirmed
S00855,C2026,Office,Burglary,Motion Detected,Zone 6 – Office,2025-02-12,12:29,1st,Critical,E09,Junior,11,19,No,No,No,No,Animal,False Alarm – Animal
S00856,C2055,Shop,Tamper,Tamper Detected,Zone 9 – Hallway,2025-02-12,09:30,1st,Medium,E07,Junior,8,18,No,No,No,No,Maintenance,False Alarm – Maintenance
S00857,C2068,Shop,Fire,Gas Leak,Zone 7 – Storage,2025-02-08,05:55,3rd,Critical,E01,Senior,2,15,No,No,No,No,Power outage,False Alarm – Power outage
S00858,C2042,Office,Fire,Heat Sensor,Zone 6 – Office,2025-01-11,13:52,1st,High,E07,Junior,11,21,No,No,No,No,Wind / Vibration,False Alarm – Wind / Vibration
S00859,C2055,Shop,Tamper,Cover Removed,Zone 9 – Hallway,2025-06-23,16:44,2nd,Low,E02,Senior,3,6,No,No,No,No,Dust,False Alarm – Dust
S00860,C2031,Office,Fire,Heat Sensor,Zone 8 – Control Room,2025-02-21,05:07,3rd,Critical,E05,Mid,8,70,Yes,No,Yes,Yes,N/A,Emergency Confirmed
S00861,C2076,Factory,Tamper,Tamper Detected,Zone 0 – Control Panel,2025-03-02,04:19,3rd,Low,E08,Junior,13,19,No,No,No,No,Animal,False Alarm – Animal
S00862,C2047,Office,Burglary,Alarm Triggered,Zone 7 – Storage,2025-06-14,11:13,1st,Low,E01,Senior,2,4,No,No,No,No,Environmental,False Alarm – Environmental
S00863,C2147,School,Burglary,Motion Detected,Zone 6 – Office,2025-03-30,05:30,3rd,Critical,E09,Junior,12,27,No,No,No,No,Power outage,False Alarm – Power outage
S00864,C2036,Office,Fire,Heat Sensor,Zone 9 – Hallway,2025-01-07,17:48,2nd,Critical,E08,Junior,12,27,No,No,No,No,User error,False Alarm – User error
S00865,C2105,Warehouse,Panic Button,Emergency Triggered,Zone 8 – Control Room,2025-06-22,12:05,1st,Critical,E09,Junior,9,80,Yes,Yes,No,Yes,N/A,Emergency Confirmed
S00866,C2043,Office,Burglary,Glass Break,Zone 7 – Storage,2025-04-07,16:55,2nd,High,E07,Junior,11,14,No,No,No,No,Maintenance,False Alarm – Maintenance
S00867,C2139,School,Burglary,Glass Break,Zone 8 – Control Room,2025-01-17,10:39,1st,Medium,E09,Junior,11,14,No,No,No,No,Animal,False Alarm – Animal
S00868,C2071,Shop,Tamper,Tamper Detected,Zone 6 – Office,2025-06-28,09:01,1st,High,E06,Junior,13,21,No,No,No,No,Dust,False Alarm – Dust
S00869,C2006,Home,Fire,Gas Leak,Zone 3 – Bedroom,2025-06-15,15:31,2nd,High,E07,Junior,10,18,No,No,No,No,Dust,False Alarm – Dust
S00870,C2030,Office,Panic Button,Emergency Triggered,Zone 1 – Main Door,2025-03-15,19:05,2nd,Critical,E04,Mid,6,32,Yes,Yes,No,Yes,N/A,Fire Confirmed
S00871,C2044,Office,Burglary,Motion Detected,Zone 1 – Main Door,2025-02-21,11:26,1st,High,E07,Junior,12,65,Yes,Yes,No,Yes,N/A,Forced Entry
S00872,C2037,Office,Panic Button,Duress Code,Zone 0 – Control Panel,2025-01-04,16:20,2nd,Critical,E07,Junior,10,40,Yes,Yes,No,Yes,N/A,Confirmed Intrusion
S00873,C2061,Shop,Burglary,Motion Detected,Zone 9 – Hallway,2025-02-04,10:15,1st,Critical,E02,Senior,4,13,No,No,No,No,Dust,False Alarm – Dust
S00874,C2124,Warehouse,Fire,Gas Leak,Zone 1 – Main Door,2025-02-01,05:04,3rd,High,E04,Mid,8,18,No,No,No,No,N/A,Unclassified
S00875,C2143,School,Technical,Power Loss,Zone 9 – Hallway,2025-01-16,16:15,2nd,Medium,E04,Mid,8,22,No,No,No,No,Maintenance,False Alarm – Maintenance
S00876,C2139,School,Panic Button,Emergency Triggered,Zone 9 – Hallway,2025-06-23,01:23,3rd,Critical,E07,Junior,18,20,No,No,No,No,Animal,False Alarm – Animal
S00877,C2075,Shop,Technical,Power Restored,Zone 8 – Control Room,2025-06-07,14:53,1st,Low,E09,Junior,8,14,No,No,No,No,N/A,Unclassified
S00878,C2098,Factory,Technical,Power Restored,Zone 8 – Control Room,2025-01-01,11:53,1st,Low,E04,Mid,5,11,No,No,No,No,Power outage,False Alarm – Power outage
S00879,C2032,Office,Burglary,Motion Detected,Zone 6 – Office,2025-05-14,00:25,3rd,High,E05,Mid,12,26,No,No,No,No,Maintenance,False Alarm – Maintenance
S00880,C2088,Factory,Technical,Sensor Fault,Zone 8 – Control Room,2025-04-11,12:56,1st,Low,E02,Senior,3,10,No,No,No,No,Sensor Fault,False Alarm – Sensor Fault
S00881,C2085,Factory,Burglary,Motion Detected,Zone 1 – Main Door,2025-01-12,02:29,3rd,Medium,E10,Mid,6,15,No,No,No,No,N/A,Unclassified
S00882,C2003,Home,Burglary,Glass Break,Zone 9 – Hallway,2025-01-15,15:57,2nd,Critical,E01,Senior,2,79,Yes,Yes,No,Yes,N/A,Forced Entry
S00883,C2020,Home,Technical,Low Battery,Zone 5 – Garage,2025-01-18,16:50,2nd,Medium,E04,Mid,6,21,No,No,No,No,Sensor Fault,False Alarm – Sensor Fault
S00884,C2092,Factory,Technical,Power Restored,Zone 0 – Control Panel,2025-04-05,05:52,3rd,Low,E06,Junior,7,12,No,No,No,No,Sensor Fault,False Alarm – Sensor Fault
S00885,C2057,Shop,Burglary,Glass Break,Zone 8 – Control Room,2025-04-23,22:00,2nd,High,E03,Mid,6,9,No,No,No,No,User error,False Alarm – User error
S00886,C2057,Shop,Technical,Sensor Fault,Zone 6 – Office,2025-03-26,19:51,2nd,Low,E06,Junior,12,25,No,No,No,No,N/A,Unclassified
S00887,C2051,Shop,Burglary,Alarm Triggered,Zone 8 – Control Room,2025-06-05,18:00,2nd,Low,E05,Mid,8,12,No,No,No,No,Power outage,False Alarm – Power outage
S00888,C2145,School,Burglary,Motion Detected,Zone 8 – Control Room,2025-02-22,18:42,2nd,Medium,E07,Junior,13,44,Yes,No,No,No,N/A,Confirmed Intrusion
S00889,C2146,School,Burglary,Motion Detected,Zone 9 – Hallway,2025-01-15,17:16,2nd,High,E02,Senior,2,85,Yes,Yes,No,Yes,N/A,Emergency Confirmed
S00890,C2110,Warehouse,Fire,Gas Leak,Zone 1 – Main Door,2025-02-04,14:00,1st,Critical,E04,Mid,9,21,No,No,No,No,Animal,False Alarm – Animal
S00891,C2093,Factory,Burglary,Glass Break,Zone 7 – Storage,2025-05-27,06:31,3rd,Medium,E03,Mid,6,74,Yes,No,No,No,N/A,Forced Entry
S00892,C2101,Warehouse,Panic Button,Duress Code,Zone 5 – Garage,2025-02-14,20:00,2nd,High,E10,Mid,7,12,No,No,No,No,Wind / Vibration,False Alarm – Wind / Vibration
S00893,C2064,Shop,Technical,Power Restored,Zone 6 – Office,2025-01-09,21:04,2nd,Low,E01,Senior,2,4,No,No,No,No,Power outage,False Alarm – Power outage
S00894,C2007,Home,Technical,Power Loss,Zone 5 – Garage,2025-06-21,14:27,1st,Low,E08,Junior,13,20,No,No,No,No,Maintenance,False Alarm – Maintenance
S00895,C2086,Factory,Burglary,Glass Break,Zone 7 – Storage,2025-04-23,07:52,1st,Low,E02,Senior,3,6,No,No,No,No,Environmental,False Alarm – Environmental
S00896,C2032,Office,Burglary,Glass Break,Zone 1 – Main Door,2025-06-18,14:37,1st,Low,E07,Junior,8,11,No,No,No,No,Wind / Vibration,False Alarm – Wind / Vibration
S00897,C2114,Warehouse,Technical,Power Loss,Zone 1 – Main Door,2025-06-20,09:03,1st,Medium,E02,Senior,3,13,No,No,No,No,Power outage,False Alarm – Power outage
S00898,C2098,Factory,Tamper,Tamper Detected,Zone 0 – Control Panel,2025-03-04,23:18,3rd,High,E05,Mid,5,16,No,No,No,No,Wind / Vibration,False Alarm – Wind / Vibration
S00899,C2099,Factory,Tamper,Cover Removed,Zone 0 – Control Panel,2025-04-21,15:29,2nd,Low,E06,Junior,12,14,No,No,No,No,Environmental,False Alarm – Environmental
S00900,C2085,Factory,Burglary,Glass Break,Zone 7 – Storage,2025-04-04,22:33,2nd,Low,E01,Senior,2,13,No,No,No,No,Animal,False Alarm – Animal
S00901,C2147,School,Tamper,Cover Removed,Zone 9 – Hallway,2025-03-23,02:57,3rd,Medium,E06,Junior,13,17,No,No,No,No,Power outage,False Alarm – Power outage
S00902,C2012,Home,Tamper,Tamper Detected,Zone 1 – Main Door,2025-04-24,18:08,2nd,Medium,E08,Junior,18,24,No,No,No,No,Dust,False Alarm – Dust
S00903,C2121,Warehouse,Technical,Power Loss,Zone 7 – Storage,2025-02-22,01:09,3rd,Low,E07,Junior,18,28,No,No,No,No,Power outage,False Alarm – Power outage
S00904,C2061,Shop,Burglary,Motion Detected,Zone 7 – Storage,2025-06-20,01:03,3rd,Low,E08,Junior,18,23,No,No,No,No,Wind / Vibration,False Alarm – Wind / Vibration
S00905,C2049,Office,Burglary,Alarm Triggered,Zone 7 – Storage,2025-03-23,00:21,3rd,Critical,E06,Junior,11,100,Yes,Yes,No,Yes,N/A,Emergency Confirmed
S00906,C2085,Factory,Burglary,Glass Break,Zone 5 – Garage,2025-06-29,03:26,3rd,Critical,E05,Mid,2,80,Yes,No,No,No,N/A,Fire Confirmed
S00907,C2058,Shop,Fire,Smoke Detected,Zone 8 – Control Room,2025-04-08,15:40,2nd,Critical,E05,Mid,9,66,Yes,No,Yes,Yes,N/A,Forced Entry
S00908,C2048,Office,Tamper,Cover Removed,Zone 1 – Main Door,2025-05-30,10:25,1st,Low,E04,Mid,11,14,No,No,No,No,N/A,Unclassified
S00909,C2113,Warehouse,Tamper,Cover Removed,Zone 5 – Garage,2025-02-15,09:18,1st,Low,E06,Junior,8,12,No,No,No,No,Dust,False Alarm – Dust
S00910,C2068,Shop,Burglary,Glass Break,Zone 8 – Control Room,2025-03-06,10:56,1st,High,E07,Junior,11,13,No,No,No,No,User error,False Alarm – User error
S00911,C2068,Shop,Fire,Smoke Detected,Zone 1 – Main Door,2025-04-17,17:53,2nd,High,E06,Junior,8,37,Yes,No,Yes,Yes,N/A,Emergency Confirmed
S00912,C2117,Warehouse,Burglary,Alarm Triggered,Zone 5 – Garage,2025-02-26,10:19,1st,High,E03,Mid,7,18,No,No,No,No,Environmental,False Alarm – Environmental
S00913,C2017,Home,Burglary,Glass Break,Zone 1 – Main Door,2025-03-29,05:56,3rd,Medium,E04,Mid,8,21,No,No,No,No,Power outage,False Alarm – Power outage
S00914,C2110,Warehouse,Tamper,Tamper Detected,Zone 5 – Garage,2025-05-14,12:20,1st,Low,E05,Mid,10,17,No,No,No,No,User error,False Alarm – User error
S00915,C2072,Shop,Tamper,Cover Removed,Zone 6 – Office,2025-01-21,02:03,3rd,Low,E05,Mid,6,18,No,No,No,No,Environmental,False Alarm – Environmental
S00916,C2131,School,Tamper,Cover Removed,Zone 0 – Control Panel,2025-04-27,08:10,1st,High,E03,Mid,5,12,No,No,No,No,Wind / Vibration,False Alarm – Wind / Vibration
S00917,C2127,School,Fire,Gas Leak,Zone 0 – Control Panel,2025-02-27,14:45,1st,Critical,E02,Senior,3,22,Yes,No,Yes,Yes,N/A,Fire Confirmed
S00918,C2052,Shop,Burglary,Glass Break,Zone 9 – Hallway,2025-04-27,18:57,2nd,Critical,E05,Mid,7,70,Yes,Yes,No,Yes,N/A,Fire Confirmed
S00919,C2141,School,Panic Button,Emergency Triggered,Zone 1 – Main Door,2025-04-26,20:16,2nd,High,E09,Junior,11,55,Yes,Yes,No,Yes,N/A,Confirmed Intrusion
S00920,C2087,Factory,Tamper,Cover Removed,Zone 0 – Control Panel,2025-03-30,14:32,1st,High,E08,Junior,15,22,No,No,No,No,Power outage,False Alarm – Power outage
S00921,C2007,Home,Technical,Sensor Fault,Zone 2 – Living Room,2025-01-25,03:24,3rd,Low,E06,Junior,9,16,No,No,No,No,Power outage,False Alarm – Power outage
S00922,C2129,School,Burglary,Motion Detected,Zone 8 – Control Room,2025-04-14,08:18,1st,Low,E06,Junior,9,12,No,No,No,No,Animal,False Alarm – Animal
S00923,C2010,Home,Burglary,Glass Break,Zone 5 – Garage,2025-05-14,16:23,2nd,High,E08,Junior,17,32,No,No,No,No,Wind / Vibration,False Alarm – Wind / Vibration
S00924,C2036,Office,Burglary,Motion Detected,Zone 7 – Storage,2025-01-10,19:12,2nd,High,E04,Mid,5,64,Yes,Yes,No,Yes,N/A,Forced Entry
S00925,C2149,School,Burglary,Alarm Triggered,Zone 1 – Main Door,2025-05-05,05:52,3rd,Medium,E06,Junior,13,26,No,No,No,No,Wind / Vibration,False Alarm – Wind / Vibration
S00926,C2060,Shop,Burglary,Motion Detected,Zone 7 – Storage,2025-05-12,10:30,1st,Critical,E04,Mid,8,33,Yes,Yes,No,Yes,N/A,Emergency Confirmed
S00927,C2107,Warehouse,Panic Button,Duress Code,Zone 5 – Garage,2025-03-10,18:27,2nd,Critical,E05,Mid,8,40,Yes,Yes,No,Yes,N/A,Fire Confirmed
S00928,C2003,Home,Burglary,Motion Detected,Zone 4 – Kitchen,2025-06-19,03:47,3rd,High,E02,Senior,3,69,Yes,Yes,No,Yes,N/A,Emergency Confirmed
S00929,C2006,Home,Burglary,Glass Break,Zone 5 – Garage,2025-03-08,12:37,1st,Medium,E09,Junior,9,20,No,No,No,No,Dust,False Alarm – Dust
S00930,C2053,Shop,Fire,Smoke Detected,Zone 9 – Hallway,2025-02-11,05:24,3rd,Critical,E05,Mid,5,92,Yes,No,Yes,Yes,N/A,Forced Entry
S00931,C2044,Office,Burglary,Motion Detected,Zone 1 – Main Door,2025-03-15,03:05,3rd,Medium,E05,Mid,8,85,Yes,No,No,No,N/A,Confirmed Intrusion
S00932,C2018,Home,Tamper,Cover Removed,Zone 4 – Kitchen,2025-04-13,01:12,3rd,Low,E09,Junior,11,20,No,No,No,No,Animal,False Alarm – Animal
S00933,C2133,School,Burglary,Glass Break,Zone 1 – Main Door,2025-06-28,23:23,3rd,High,E02,Senior,2,5,No,No,No,No,User error,False Alarm – User error
S00934,C2108,Warehouse,Fire,Heat Sensor,Zone 8 – Control Room,2025-05-10,01:34,3rd,Medium,E06,Junior,10,14,No,No,No,No,User error,False Alarm – User error
S00935,C2111,Warehouse,Burglary,Glass Break,Zone 8 – Control Room,2025-04-29,18:19,2nd,High,E05,Mid,9,18,No,No,No,No,Wind / Vibration,False Alarm – Wind / Vibration
S00936,C2002,Home,Panic Button,Duress Code,Zone 2 – Living Room,2025-02-28,11:12,1st,High,E09,Junior,12,22,No,No,No,No,User error,False Alarm – User error
S00937,C2146,School,Fire,Gas Leak,Zone 0 – Control Panel,2025-05-08,04:58,3rd,Critical,E06,Junior,7,58,Yes,No,Yes,Yes,N/A,Forced Entry
S00938,C2077,Factory,Burglary,Motion Detected,Zone 0 – Control Panel,2025-05-24,20:44,2nd,Medium,E03,Mid,4,17,No,No,No,No,Maintenance,False Alarm – Maintenance
S00939,C2099,Factory,Technical,Low Battery,Zone 5 – Garage,2025-03-21,05:29,3rd,Medium,E04,Mid,6,11,No,No,No,No,Power outage,False Alarm – Power outage
S00940,C2138,School,Technical,Low Battery,Zone 6 – Office,2025-06-01,09:17,1st,Low,E04,Mid,8,22,No,No,No,No,N/A,Unclassified
S00941,C2020,Home,Burglary,Motion Detected,Zone 1 – Main Door,2025-03-22,00:23,3rd,High,E03,Mid,6,16,No,No,No,No,User error,False Alarm – User error
S00942,C2007,Home,Burglary,Motion Detected,Zone 1 – Main Door,2025-03-16,23:29,3rd,Critical,E09,Junior,10,49,Yes,Yes,No,Yes,N/A,Forced Entry
S00943,C2065,Shop,Burglary,Motion Detected,Zone 1 – Main Door,2025-01-21,23:00,3rd,Medium,E09,Junior,10,19,No,No,No,No,Power outage,False Alarm – Power outage
S00944,C2141,School,Technical,Sensor Fault,Zone 9 – Hallway,2025-02-28,00:05,3rd,Low,E06,Junior,12,27,No,No,No,No,Sensor Fault,False Alarm – Sensor Fault
S00945,C2005,Home,Tamper,Tamper Detected,Zone 5 – Garage,2025-02-25,17:10,2nd,Low,E06,Junior,12,16,No,No,No,No,Power outage,False Alarm – Power outage
S00946,C2003,Home,Technical,Power Loss,Zone 9 – Hallway,2025-01-01,16:42,2nd,Low,E04,Mid,6,11,No,No,No,No,Maintenance,False Alarm – Maintenance
S00947,C2137,School,Tamper,Cover Removed,Zone 9 – Hallway,2025-02-10,23:57,3rd,Low,E06,Junior,14,26,No,No,No,No,Wind / Vibration,False Alarm – Wind / Vibration
S00948,C2079,Factory,Technical,Low Battery,Zone 0 – Control Panel,2025-05-07,16:24,2nd,Low,E10,Mid,5,19,No,No,No,No,N/A,Unclassified
S00949,C2064,Shop,Burglary,Glass Break,Zone 0 – Control Panel,2025-01-03,02:59,3rd,Medium,E08,Junior,15,83,Yes,No,No,No,N/A,Confirmed Intrusion
S00950,C2050,Office,Burglary,Motion Detected,Zone 7 – Storage,2025-06-08,07:21,1st,Low,E02,Senior,4,19,No,No,No,No,Environmental,False Alarm – Environmental
S00951,C2043,Office,Technical,Sensor Fault,Zone 1 – Main Door,2025-03-23,17:46,2nd,Low,E01,Senior,2,12,No,No,No,No,Sensor Fault,False Alarm – Sensor Fault
S00952,C2054,Shop,Tamper,Cover Removed,Zone 7 – Storage,2025-02-05,10:39,1st,High,E06,Junior,11,18,No,No,No,No,Dust,False Alarm – Dust
S00953,C2103,Warehouse,Technical,Low Battery,Zone 7 – Storage,2025-04-15,09:00,1st,Medium,E06,Junior,11,14,No,No,No,No,Maintenance,False Alarm – Maintenance
S00954,C2095,Factory,Fire,Smoke Detected,Zone 1 – Main Door,2025-04-03,19:41,2nd,High,E08,Junior,14,42,Yes,No,Yes,Yes,N/A,Fire Confirmed
S00955,C2084,Factory,Fire,Heat Sensor,Zone 0 – Control Panel,2025-06-08,11:06,1st,High,E01,Senior,2,57,Yes,No,Yes,Yes,N/A,Forced Entry
S00956,C2005,Home,Panic Button,Duress Code,Zone 5 – Garage,2025-04-11,00:21,3rd,Critical,E03,Mid,2,81,Yes,Yes,No,Yes,N/A,Confirmed Intrusion
S00957,C2032,Office,Technical,Power Restored,Zone 8 – Control Room,2025-03-26,18:01,2nd,Medium,E09,Junior,12,14,No,No,No,No,Power outage,False Alarm – Power outage
S00958,C2128,School,Burglary,Glass Break,Zone 6 – Office,2025-06-20,17:23,2nd,Medium,E07,Junior,14,27,No,No,No,No,User error,False Alarm – User error
S00959,C2085,Factory,Tamper,Cover Removed,Zone 5 – Garage,2025-03-26,06:47,3rd,Medium,E04,Mid,6,20,No,No,No,No,Maintenance,False Alarm – Maintenance
S00960,C2074,Shop,Panic Button,Emergency Triggered,Zone 1 – Main Door,2025-01-16,21:41,2nd,Critical,E03,Mid,8,29,Yes,Yes,No,Yes,N/A,Fire Confirmed
S00961,C2098,Factory,Burglary,Alarm Triggered,Zone 7 – Storage,2025-06-19,10:38,1st,Medium,E09,Junior,12,27,No,No,No,No,N/A,Unclassified
S00962,C2050,Office,Burglary,Motion Detected,Zone 1 – Main Door,2025-06-06,14:04,1st,Medium,E07,Junior,13,24,No,No,No,No,User error,False Alarm – User error
S00963,C2130,School,Burglary,Alarm Triggered,Zone 1 – Main Door,2025-05-07,18:15,2nd,Critical,E04,Mid,5,51,Yes,Yes,No,Yes,N/A,Forced Entry
S00964,C2064,Shop,Burglary,Alarm Triggered,Zone 0 – Control Panel,2025-02-01,01:38,3rd,Critical,E06,Junior,7,21,No,No,No,No,Environmental,False Alarm – Environmental
S00965,C2093,Factory,Burglary,Alarm Triggered,Zone 0 – Control Panel,2025-03-11,14:05,1st,Medium,E07,Junior,13,26,No,No,No,No,Maintenance,False Alarm – Maintenance
S00966,C2040,Office,Tamper,Tamper Detected,Zone 0 – Control Panel,2025-01-18,21:48,2nd,High,E07,Junior,7,18,No,No,No,No,Dust,False Alarm – Dust
S00967,C2045,Office,Tamper,Cover Removed,Zone 8 – Control Room,2025-06-19,01:35,3rd,High,E07,Junior,11,22,No,No,No,No,Maintenance,False Alarm – Maintenance
S00968,C2086,Factory,Burglary,Motion Detected,Zone 5 – Garage,2025-03-08,06:04,3rd,Critical,E04,Mid,6,21,Yes,No,No,No,N/A,Confirmed Intrusion
S00969,C2104,Warehouse,Panic Button,Duress Code,Zone 8 – Control Room,2025-03-11,12:31,1st,Critical,E10,Mid,6,96,Yes,Yes,No,Yes,N/A,Confirmed Intrusion
S00970,C2010,Home,Burglary,Alarm Triggered,Zone 1 – Main Door,2025-06-24,21:56,2nd,Medium,E08,Junior,19,33,No,No,No,No,Environmental,False Alarm – Environmental
S00971,C2126,School,Burglary,Motion Detected,Zone 6 – Office,2025-05-08,04:32,3rd,Low,E10,Mid,5,10,No,No,No,No,Wind / Vibration,False Alarm – Wind / Vibration
S00972,C2009,Home,Burglary,Motion Detected,Zone 3 – Bedroom,2025-03-04,10:30,1st,Low,E04,Mid,7,18,No,No,No,No,Dust,False Alarm – Dust
S00973,C2038,Office,Technical,Power Restored,Zone 8 – Control Room,2025-01-22,06:43,3rd,Low,E07,Junior,15,27,No,No,No,No,Power outage,False Alarm – Power outage
S00974,C2021,Home,Burglary,Glass Break,Zone 5 – Garage,2025-06-07,13:25,1st,Critical,E02,Senior,3,56,Yes,Yes,No,Yes,N/A,Forced Entry
S00975,C2106,Warehouse,Technical,Low Battery,Zone 1 – Main Door,2025-05-22,03:46,3rd,Low,E09,Junior,9,22,No,No,No,No,Sensor Fault,False Alarm – Sensor Fault
S00976,C2102,Warehouse,Technical,Low Battery,Zone 7 – Storage,2025-02-26,10:59,1st,Low,E03,Mid,8,11,No,No,No,No,Power outage,False Alarm – Power outage
S00977,C2107,Warehouse,Burglary,Alarm Triggered,Zone 0 – Control Panel,2025-02-21,00:49,3rd,High,E03,Mid,10,14,No,No,No,No,Dust,False Alarm – Dust
S00978,C2125,Warehouse,Technical,Low Battery,Zone 5 – Garage,2025-01-16,09:12,1st,Medium,E01,Senior,2,6,No,No,No,No,Maintenance,False Alarm – Maintenance
S00979,C2047,Office,Technical,Power Loss,Zone 6 – Office,2025-03-21,10:03,1st,Medium,E05,Mid,7,22,No,No,No,No,Power outage,False Alarm – Power outage
S00980,C2076,Factory,Fire,Gas Leak,Zone 1 – Main Door,2025-04-18,09:05,1st,Medium,E04,Mid,7,12,No,No,No,No,Maintenance,False Alarm – Maintenance
S00981,C2026,Office,Panic Button,Emergency Triggered,Zone 1 – Main Door,2025-03-19,22:31,2nd,Critical,E05,Mid,6,95,Yes,Yes,No,Yes,N/A,Confirmed Intrusion
S00982,C2134,School,Tamper,Cover Removed,Zone 1 – Main Door,2025-05-20,00:13,3rd,Medium,E06,Junior,7,18,No,No,No,No,Dust,False Alarm – Dust
S00983,C2095,Factory,Fire,Gas Leak,Zone 8 – Control Room,2025-02-27,13:21,1st,High,E05,Mid,6,17,No,No,No,No,Power outage,False Alarm – Power outage
S00984,C2085,Factory,Burglary,Glass Break,Zone 1 – Main Door,2025-04-19,23:22,3rd,Critical,E05,Mid,7,39,Yes,Yes,No,Yes,N/A,Confirmed Intrusion
S00985,C2136,School,Burglary,Motion Detected,Zone 6 – Office,2025-05-10,00:55,3rd,Medium,E10,Mid,9,24,No,No,No,No,Wind / Vibration,False Alarm – Wind / Vibration
S00986,C2106,Warehouse,Tamper,Tamper Detected,Zone 5 – Garage,2025-06-03,06:32,3rd,Medium,E06,Junior,9,23,No,No,No,No,Animal,False Alarm – Animal
S00987,C2114,Warehouse,Technical,Sensor Fault,Zone 5 – Garage,2025-04-07,04:43,3rd,Medium,E08,Junior,18,30,No,No,No,No,N/A,Unclassified
S00988,C2099,Factory,Panic Button,Emergency Triggered,Zone 8 – Control Room,2025-05-15,00:46,3rd,Critical,E05,Mid,8,87,Yes,Yes,No,Yes,N/A,Confirmed Intrusion
S00989,C2023,Home,Burglary,Motion Detected,Zone 3 – Bedroom,2025-01-06,09:31,1st,Critical,E04,Mid,6,35,Yes,Yes,No,Yes,N/A,Forced Entry
S00990,C2055,Shop,Burglary,Motion Detected,Zone 6 – Office,2025-04-07,10:15,1st,Low,E04,Mid,9,13,No,No,No,No,Animal,False Alarm – Animal
S00991,C2099,Factory,Panic Button,Emergency Triggered,Zone 8 – Control Room,2025-02-25,20:57,2nd,Critical,E06,Junior,8,38,Yes,Yes,No,Yes,N/A,Fire Confirmed
S00992,C2086,Factory,Fire,Heat Sensor,Zone 5 – Garage,2025-05-10,22:05,2nd,Medium,E05,Mid,8,21,No,No,No,No,Wind / Vibration,False Alarm – Wind / Vibration
S00993,C2144,School,Burglary,Glass Break,Zone 0 – Control Panel,2025-03-30,05:41,3rd,Medium,E07,Junior,10,13,No,No,No,No,Animal,False Alarm – Animal
S00994,C2049,Office,Burglary,Glass Break,Zone 7 – Storage,2025-04-11,20:47,2nd,High,E03,Mid,6,69,Yes,Yes,No,Yes,N/A,Confirmed Intrusion
S00995,C2138,School,Burglary,Alarm Triggered,Zone 9 – Hallway,2025-03-29,11:03,1st,Critical,E01,Senior,1,32,Yes,Yes,No,Yes,N/A,Fire Confirmed
S00996,C2003,Home,Burglary,Alarm Triggered,Zone 5 – Garage,2025-05-17,08:25,1st,High,E06,Junior,10,53,Yes,No,No,No,N/A,Forced Entry
S00997,C2073,Shop,Tamper,Tamper Detected,Zone 6 – Office,2025-04-04,14:09,1st,Medium,E06,Junior,11,17,No,No,No,No,Animal,False Alarm – Animal
S00998,C2056,Shop,Tamper,Cover Removed,Zone 9 – Hallway,2025-04-19,06:40,3rd,High,E04,Mid,9,24,No,No,No,No,User error,False Alarm – User error
S00999,C2058,Shop,Fire,Heat Sensor,Zone 8 – Control Room,2025-02-14,10:54,1st,Medium,E07,Junior,12,21,No,No,No,No,Environmental,False Alarm – Environmental
S01000,C2041,Office,Panic Button,Duress Code,Zone 1 – Main Door,2025-05-28,21:19,2nd,Critical,E01,Senior,2,61,Yes,Yes,No,Yes,N/A,Forced Entry
S01001,C2136,School,Burglary,Alarm Triggered,Zone 6 – Office,2025-03-20,21:04,2nd,Medium,E08,Junior,12,16,No,No,No,No,Animal,False Alarm – Animal
S01002,C2149,School,Technical,Power Loss,Zone 1 – Main Door,2025-06-03,12:48,1st,Medium,E05,Mid,5,14,No,No,No,No,Maintenance,False Alarm – Maintenance
S01003,C2038,Office,Technical,Power Restored,Zone 6 – Office,2025-06-30,14:18,1st,Low,E06,Junior,9,16,No,No,No,No,Power outage,False Alarm – Power outage
S01004,C2038,Office,Technical,Sensor Fault,Zone 0 – Control Panel,2025-03-04,00:43,3rd,Low,E08,Junior,8,15,No,No,No,No,Power outage,False Alarm – Power outage
S01005,C2014,Home,Panic Button,Duress Code,Zone 1 – Main Door,2025-02-21,06:11,3rd,Critical,E02,Senior,2,7,No,No,No,No,Power outage,False Alarm – Power outage
S01006,C2062,Shop,Burglary,Alarm Triggered,Zone 9 – Hallway,2025-02-23,15:07,2nd,High,E05,Mid,7,20,No,No,No,No,Wind / Vibration,False Alarm – Wind / Vibration
S01007,C2023,Home,Tamper,Cover Removed,Zone 4 – Kitchen,2025-05-24,21:49,2nd,Medium,E04,Mid,5,8,No,No,No,No,Animal,False Alarm – Animal
S01008,C2032,Office,Burglary,Motion Detected,Zone 0 – Control Panel,2025-03-19,16:05,2nd,Medium,E04,Mid,8,96,Yes,No,No,No,N/A,Forced Entry
S01009,C2025,Home,Fire,Smoke Detected,Zone 5 – Garage,2025-01-26,11:44,1st,Critical,E01,Senior,1,71,Yes,No,Yes,Yes,N/A,Emergency Confirmed
S01010,C2084,Factory,Fire,Heat Sensor,Zone 1 – Main Door,2025-01-02,17:06,2nd,High,E09,Junior,12,22,No,No,No,No,Power outage,False Alarm – Power outage
S01011,C2133,School,Tamper,Tamper Detected,Zone 8 – Control Room,2025-02-13,22:04,2nd,Low,E07,Junior,12,27,No,No,No,No,User error,False Alarm – User error
S01012,C2143,School,Burglary,Alarm Triggered,Zone 0 – Control Panel,2025-02-17,09:00,1st,Low,E10,Mid,11,99,Yes,No,No,No,N/A,Fire Confirmed
S01013,C2144,School,Fire,Smoke Detected,Zone 6 – Office,2025-03-20,09:05,1st,Medium,E02,Senior,3,13,No,No,No,No,Dust,False Alarm – Dust
S01014,C2001,Home,Tamper,Cover Removed,Zone 2 – Living Room,2025-02-15,17:27,2nd,Low,E07,Junior,12,18,No,No,No,No,Environmental,False Alarm – Environmental
S01015,C2148,School,Burglary,Motion Detected,Zone 0 – Control Panel,2025-04-10,22:08,2nd,High,E09,Junior,9,20,No,No,No,No,Dust,False Alarm – Dust
S01016,C2026,Office,Burglary,Glass Break,Zone 7 – Storage,2025-04-10,10:44,1st,Medium,E08,Junior,24,29,No,No,No,No,Environmental,False Alarm – Environmental
S01017,C2142,School,Fire,Heat Sensor,Zone 9 – Hallway,2025-04-27,17:38,2nd,Critical,E07,Junior,14,83,Yes,No,Yes,Yes,N/A,Confirmed Intrusion
S01018,C2098,Factory,Fire,Gas Leak,Zone 5 – Garage,2025-04-17,11:16,1st,Critical,E05,Mid,6,75,Yes,No,Yes,Yes,N/A,Fire Confirmed
S01019,C2069,Shop,Burglary,Motion Detected,Zone 8 – Control Room,2025-05-23,18:04,2nd,Medium,E07,Junior,17,32,No,No,No,No,Wind / Vibration,False Alarm – Wind / Vibration
S01020,C2040,Office,Fire,Gas Leak,Zone 8 – Control Room,2025-04-03,09:26,1st,Critical,E06,Junior,12,36,Yes,No,Yes,Yes,N/A,Emergency Confirmed
S01021,C2029,Office,Technical,Sensor Fault,Zone 7 – Storage,2025-05-01,16:34,2nd,Low,E07,Junior,13,20,No,No,No,No,Power outage,False Alarm – Power outage
S01022,C2070,Shop,Burglary,Glass Break,Zone 6 – Office,2025-01-14,04:49,3rd,High,E02,Senior,3,46,Yes,Yes,No,Yes,N/A,Forced Entry
S01023,C2032,Office,Tamper,Cover Removed,Zone 6 – Office,2025-02-03,08:50,1st,High,E02,Senior,3,18,No,No,No,No,Maintenance,False Alarm – Maintenance
S01024,C2070,Shop,Burglary,Glass Break,Zone 7 – Storage,2025-01-12,11:35,1st,Low,E07,Junior,6,10,No,No,No,No,Power outage,False Alarm – Power outage
S01025,C2137,School,Technical,Sensor Fault,Zone 8 – Control Room,2025-03-26,20:51,2nd,Medium,E07,Junior,11,13,No,No,No,No,Sensor Fault,False Alarm – Sensor Fault
S01026,C2033,Office,Burglary,Alarm Triggered,Zone 6 – Office,2025-04-08,09:42,1st,High,E05,Mid,7,69,Yes,Yes,No,Yes,N/A,Fire Confirmed
S01027,C2118,Warehouse,Fire,Gas Leak,Zone 5 – Garage,2025-05-07,13:45,1st,Critical,E02,Senior,3,11,No,No,No,No,Dust,False Alarm – Dust
S01028,C2023,Home,Burglary,Alarm Triggered,Zone 3 – Bedroom,2025-04-22,10:19,1st,High,E05,Mid,6,19,No,No,No,No,Animal,False Alarm – Animal
S01029,C2043,Office,Tamper,Tamper Detected,Zone 9 – Hallway,2025-01-14,02:05,3rd,Low,E08,Junior,11,25,No,No,No,No,Power outage,False Alarm – Power outage
S01030,C2131,School,Tamper,Cover Removed,Zone 9 – Hallway,2025-05-17,07:27,1st,High,E01,Senior,3,16,No,No,No,No,Maintenance,False Alarm – Maintenance
S01031,C2004,Home,Technical,Power Restored,Zone 5 – Garage,2025-02-13,08:25,1st,Low,E01,Senior,2,7,No,No,No,No,Sensor Fault,False Alarm – Sensor Fault
S01032,C2115,Warehouse,Burglary,Motion Detected,Zone 5 – Garage,2025-02-07,15:38,2nd,Medium,E10,Mid,7,17,No,No,No,No,User error,False Alarm – User error
S01033,C2109,Warehouse,Burglary,Alarm Triggered,Zone 8 – Control Room,2025-03-11,20:03,2nd,Medium,E05,Mid,5,10,No,No,No,No,Wind / Vibration,False Alarm – Wind / Vibration
S01034,C2077,Factory,Technical,Power Loss,Zone 0 – Control Panel,2025-02-26,16:18,2nd,Low,E02,Senior,2,7,No,No,No,No,N/A,Unclassified
S01035,C2132,School,Tamper,Cover Removed,Zone 1 – Main Door,2025-03-15,19:59,2nd,High,E01,Senior,1,10,No,No,No,No,N/A,Unclassified
S01036,C2091,Factory,Technical,Low Battery,Zone 1 – Main Door,2025-02-26,12:19,1st,Low,E02,Senior,3,11,No,No,No,No,Maintenance,False Alarm – Maintenance
S01037,C2026,Office,Technical,Sensor Fault,Zone 0 – Control Panel,2025-03-05,20:00,2nd,Low,E03,Mid,6,14,No,No,No,No,Maintenance,False Alarm – Maintenance
S01038,C2125,Warehouse,Panic Button,Emergency Triggered,Zone 1 – Main Door,2025-03-25,16:58,2nd,Critical,E04,Mid,5,58,Yes,Yes,No,Yes,N/A,Emergency Confirmed
S01039,C2047,Office,Tamper,Cover Removed,Zone 9 – Hallway,2025-04-20,13:57,1st,Low,E08,Junior,17,24,No,No,No,No,User error,False Alarm – User error
S01040,C2092,Factory,Technical,Low Battery,Zone 5 – Garage,2025-06-26,05:00,3rd,Low,E08,Junior,13,21,No,No,No,No,N/A,Unclassified
S01041,C2009,Home,Fire,Heat Sensor,Zone 2 – Living Room,2025-06-24,12:57,1st,High,E08,Junior,15,23,No,No,No,No,Animal,False Alarm – Animal
S01042,C2127,School,Burglary,Alarm Triggered,Zone 9 – Hallway,2025-01-23,14:35,1st,Critical,E01,Senior,3,67,Yes,No,No,No,N/A,Fire Confirmed
S01043,C2006,Home,Fire,Smoke Detected,Zone 2 – Living Room,2025-02-03,08:06,1st,Critical,E08,Junior,14,59,Yes,No,Yes,Yes,N/A,Confirmed Intrusion
S01044,C2003,Home,Burglary,Alarm Triggered,Zone 4 – Kitchen,2025-01-13,12:27,1st,High,E05,Mid,11,80,Yes,Yes,No,Yes,N/A,Fire Confirmed
S01045,C2131,School,Tamper,Tamper Detected,Zone 9 – Hallway,2025-03-17,01:46,3rd,Medium,E06,Junior,12,17,No,No,No,No,Wind / Vibration,False Alarm – Wind / Vibration
S01046,C2122,Warehouse,Technical,Power Restored,Zone 1 – Main Door,2025-05-07,05:12,3rd,Low,E06,Junior,12,17,No,No,No,No,Maintenance,False Alarm – Maintenance
S01047,C2103,Warehouse,Tamper,Cover Removed,Zone 1 – Main Door,2025-01-16,08:08,1st,Low,E08,Junior,12,17,No,No,No,No,Maintenance,False Alarm – Maintenance
S01048,C2014,Home,Burglary,Alarm Triggered,Zone 4 – Kitchen,2025-03-15,00:55,3rd,High,E04,Mid,5,12,No,No,No,No,User error,False Alarm – User error
S01049,C2016,Home,Technical,Sensor Fault,Zone 5 – Garage,2025-05-23,13:30,1st,Low,E07,Junior,8,15,No,No,No,No,Sensor Fault,False Alarm – Sensor Fault
S01050,C2108,Warehouse,Burglary,Alarm Triggered,Zone 5 – Garage,2025-03-26,19:22,2nd,Low,E07,Junior,14,26,No,No,No,No,N/A,Unclassified
S01051,C2074,Shop,Fire,Gas Leak,Zone 9 – Hallway,2025-06-14,04:13,3rd,Medium,E03,Mid,9,16,No,No,No,No,Power outage,False Alarm – Power outage
S01052,C2029,Office,Burglary,Motion Detected,Zone 1 – Main Door,2025-05-31,04:19,3rd,Low,E10,Mid,7,14,No,No,No,No,User error,False Alarm – User error
S01053,C2093,Factory,Burglary,Motion Detected,Zone 7 – Storage,2025-04-14,20:47,2nd,High,E01,Senior,3,92,Yes,Yes,No,Yes,N/A,Forced Entry
S01054,C2028,Office,Panic Button,Emergency Triggered,Zone 6 – Office,2025-04-07,08:56,1st,High,E09,Junior,10,25,No,No,No,No,Wind / Vibration,False Alarm – Wind / Vibration
S01055,C2115,Warehouse,Burglary,Glass Break,Zone 1 – Main Door,2025-01-28,02:12,3rd,High,E09,Junior,8,48,Yes,Yes,No,Yes,N/A,Fire Confirmed
S01056,C2050,Office,Tamper,Cover Removed,Zone 0 – Control Panel,2025-02-11,15:08,2nd,Medium,E03,Mid,9,12,No,No,No,No,Wind / Vibration,False Alarm – Wind / Vibration
S01057,C2124,Warehouse,Technical,Low Battery,Zone 8 – Control Room,2025-04-15,05:04,3rd,Low,E03,Mid,8,14,No,No,No,No,Maintenance,False Alarm – Maintenance
S01058,C2016,Home,Burglary,Glass Break,Zone 9 – Hallway,2025-01-05,15:36,2nd,Critical,E02,Senior,3,83,Yes,Yes,No,Yes,N/A,Confirmed Intrusion
S01059,C2131,School,Burglary,Motion Detected,Zone 0 – Control Panel,2025-01-04,01:28,3rd,Critical,E02,Senior,1,39,Yes,Yes,No,Yes,N/A,Confirmed Intrusion
S01060,C2056,Shop,Technical,Low Battery,Zone 7 – Storage,2025-04-11,17:36,2nd,Medium,E03,Mid,6,12,No,No,No,No,Sensor Fault,False Alarm – Sensor Fault
S01061,C2069,Shop,Tamper,Tamper Detected,Zone 7 – Storage,2025-06-12,18:18,2nd,Low,E03,Mid,6,8,No,No,No,No,Dust,False Alarm – Dust
S01062,C2072,Shop,Burglary,Alarm Triggered,Zone 6 – Office,2025-06-22,09:56,1st,Low,E09,Junior,16,21,No,No,No,No,Environmental,False Alarm – Environmental
S01063,C2089,Factory,Fire,Gas Leak,Zone 7 – Storage,2025-04-26,08:00,1st,Critical,E01,Senior,1,86,Yes,No,Yes,Yes,N/A,Emergency Confirmed
S01064,C2076,Factory,Panic Button,Emergency Triggered,Zone 8 – Control Room,2025-04-01,01:26,3rd,High,E07,Junior,6,10,No,No,No,No,Dust,False Alarm – Dust
S01065,C2138,School,Tamper,Tamper Detected,Zone 8 – Control Room,2025-03-31,19:01,2nd,High,E05,Mid,5,17,No,No,No,No,Wind / Vibration,False Alarm – Wind / Vibration
S01066,C2114,Warehouse,Burglary,Alarm Triggered,Zone 5 – Garage,2025-05-10,02:52,3rd,High,E08,Junior,20,28,No,No,No,No,Environmental,False Alarm – Environmental
S01067,C2060,Shop,Burglary,Motion Detected,Zone 8 – Control Room,2025-06-08,01:28,3rd,Critical,E04,Mid,7,33,Yes,No,No,No,N/A,Forced Entry
S01068,C2048,Office,Tamper,Tamper Detected,Zone 6 – Office,2025-03-21,17:29,2nd,High,E05,Mid,9,11,No,No,No,No,Dust,False Alarm – Dust
S01069,C2046,Office,Tamper,Tamper Detected,Zone 0 – Control Panel,2025-06-07,03:10,3rd,Low,E02,Senior,3,15,No,No,No,No,Power outage,False Alarm – Power outage
S01070,C2135,School,Burglary,Motion Detected,Zone 9 – Hallway,2025-02-18,13:06,1st,Low,E07,Junior,14,17,No,No,No,No,Animal,False Alarm – Animal
S01071,C2012,Home,Technical,Power Restored,Zone 2 – Living Room,2025-02-13,07:48,1st,Low,E06,Junior,6,20,No,No,No,No,Power outage,False Alarm – Power outage
S01072,C2028,Office,Burglary,Motion Detected,Zone 9 – Hallway,2025-02-06,23:50,3rd,High,E03,Mid,7,16,No,No,No,No,User error,False Alarm – User error
S01073,C2042,Office,Tamper,Cover Removed,Zone 8 – Control Room,2025-03-03,22:52,2nd,High,E10,Mid,7,13,No,No,No,No,Wind / Vibration,False Alarm – Wind / Vibration
S01074,C2012,Home,Fire,Heat Sensor,Zone 1 – Main Door,2025-03-10,08:01,1st,Critical,E02,Senior,2,70,Yes,No,Yes,Yes,N/A,Fire Confirmed
S01075,C2058,Shop,Tamper,Tamper Detected,Zone 1 – Main Door,2025-05-02,15:58,2nd,High,E10,Mid,6,11,No,No,No,No,Dust,False Alarm – Dust
S01076,C2029,Office,Burglary,Glass Break,Zone 0 – Control Panel,2025-03-26,05:43,3rd,Low,E01,Senior,3,10,No,No,No,No,Dust,False Alarm – Dust
S01077,C2086,Factory,Fire,Gas Leak,Zone 1 – Main Door,2025-02-27,08:39,1st,Medium,E06,Junior,9,17,No,No,No,No,User error,False Alarm – User error
S01078,C2047,Office,Tamper,Cover Removed,Zone 7 – Storage,2025-02-19,12:38,1st,Low,E09,Junior,11,26,No,No,No,No,Maintenance,False Alarm – Maintenance
S01079,C2027,Office,Fire,Gas Leak,Zone 8 – Control Room,2025-02-12,19:22,2nd,Critical,E03,Mid,8,22,No,No,No,No,Wind / Vibration,False Alarm – Wind / Vibration
S01080,C2001,Home,Technical,Power Restored,Zone 2 – Living Room,2025-05-07,08:50,1st,Low,E01,Senior,1,14,No,No,No,No,N/A,Unclassified
S01081,C2018,Home,Burglary,Motion Detected,Zone 1 – Main Door,2025-01-25,06:52,3rd,Critical,E04,Mid,5,12,No,No,No,No,Animal,False Alarm – Animal
S01082,C2099,Factory,Panic Button,Duress Code,Zone 8 – Control Room,2025-05-08,01:11,3rd,Critical,E07,Junior,8,75,Yes,Yes,No,Yes,N/A,Emergency Confirmed
S01083,C2063,Shop,Fire,Gas Leak,Zone 9 – Hallway,2025-02-09,09:51,1st,Critical,E04,Mid,5,88,Yes,No,Yes,Yes,N/A,Fire Confirmed
S01084,C2149,School,Fire,Heat Sensor,Zone 0 – Control Panel,2025-04-19,05:05,3rd,High,E07,Junior,8,13,No,No,No,No,Animal,False Alarm – Animal
S01085,C2143,School,Burglary,Glass Break,Zone 0 – Control Panel,2025-04-25,07:23,1st,Low,E08,Junior,16,31,No,No,No,No,Environmental,False Alarm – Environmental
S01086,C2118,Warehouse,Tamper,Cover Removed,Zone 5 – Garage,2025-05-15,17:18,2nd,Low,E09,Junior,11,15,No,No,No,No,Wind / Vibration,False Alarm – Wind / Vibration
S01087,C2037,Office,Burglary,Motion Detected,Zone 0 – Control Panel,2025-03-14,08:44,1st,Low,E05,Mid,9,22,No,No,No,No,Animal,False Alarm – Animal
S01088,C2149,School,Technical,Sensor Fault,Zone 1 – Main Door,2025-06-16,00:42,3rd,Low,E03,Mid,8,12,No,No,No,No,Sensor Fault,False Alarm – Sensor Fault
S01089,C2020,Home,Burglary,Motion Detected,Zone 1 – Main Door,2025-02-08,16:15,2nd,Critical,E09,Junior,11,43,Yes,Yes,No,Yes,N/A,Emergency Confirmed
S01090,C2087,Factory,Panic Button,Emergency Triggered,Zone 0 – Control Panel,2025-01-29,14:26,1st,Critical,E05,Mid,9,28,Yes,Yes,No,Yes,N/A,Fire Confirmed
S01091,C2102,Warehouse,Tamper,Cover Removed,Zone 8 – Control Room,2025-05-26,09:00,1st,Medium,E02,Senior,3,8,No,No,No,No,Wind / Vibration,False Alarm – Wind / Vibration
S01092,C2041,Office,Burglary,Glass Break,Zone 8 – Control Room,2025-01-23,21:59,2nd,Critical,E03,Mid,7,15,No,No,No,No,User error,False Alarm – User error
S01093,C2101,Warehouse,Burglary,Motion Detected,Zone 5 – Garage,2025-01-15,07:14,1st,Low,E05,Mid,6,18,No,No,No,No,Dust,False Alarm – Dust
S01094,C2098,Factory,Burglary,Glass Break,Zone 5 – Garage,2025-05-28,13:52,1st,High,E05,Mid,9,12,No,No,No,No,Animal,False Alarm – Animal
S01095,C2086,Factory,Burglary,Glass Break,Zone 1 – Main Door,2025-02-16,08:23,1st,High,E03,Mid,9,51,Yes,Yes,No,Yes,N/A,Confirmed Intrusion
S01096,C2142,School,Technical,Low Battery,Zone 9 – Hallway,2025-06-09,19:12,2nd,Low,E02,Senior,3,14,No,No,No,No,Power outage,False Alarm – Power outage
S01097,C2013,Home,Panic Button,Emergency Triggered,Zone 3 – Bedroom,2025-03-23,06:02,3rd,Critical,E05,Mid,5,56,Yes,Yes,No,Yes,N/A,Forced Entry
S01098,C2101,Warehouse,Panic Button,Emergency Triggered,Zone 7 – Storage,2025-02-07,10:20,1st,High,E07,Junior,11,90,Yes,No,No,No,N/A,Confirmed Intrusion
S01099,C2098,Factory,Burglary,Motion Detected,Zone 0 – Control Panel,2025-06-28,01:01,3rd,Low,E04,Mid,3,6,No,No,No,No,Power outage,False Alarm – Power outage
S01100,C2060,Shop,Burglary,Motion Detected,Zone 6 – Office,2025-05-30,08:45,1st,Medium,E03,Mid,5,15,No,No,No,No,Maintenance,False Alarm – Maintenance
S01101,C2034,Office,Fire,Gas Leak,Zone 8 – Control Room,2025-02-24,12:28,1st,Critical,E02,Senior,3,23,Yes,No,No,No,N/A,Forced Entry
S01102,C2020,Home,Burglary,Motion Detected,Zone 2 – Living Room,2025-05-13,02:13,3rd,Critical,E06,Junior,6,60,Yes,Yes,No,Yes,N/A,Confirmed Intrusion
S01103,C2117,Warehouse,Fire,Smoke Detected,Zone 7 – Storage,2025-04-13,22:06,2nd,Critical,E04,Mid,9,70,Yes,No,Yes,Yes,N/A,Emergency Confirmed
S01104,C2046,Office,Fire,Gas Leak,Zone 7 – Storage,2025-04-29,08:04,1st,Critical,E10,Mid,9,18,No,No,No,No,Environmental,False Alarm – Environmental
S01105,C2146,School,Technical,Low Battery,Zone 0 – Control Panel,2025-06-28,09:07,1st,Low,E01,Senior,2,10,No,No,No,No,N/A,Unclassified
S01106,C2094,Factory,Technical,Power Loss,Zone 7 – Storage,2025-01-03,09:28,1st,Low,E01,Senior,3,13,No,No,No,No,N/A,Unclassified
S01107,C2011,Home,Burglary,Motion Detected,Zone 5 – Garage,2025-03-17,22:16,2nd,Low,E03,Mid,5,15,No,No,No,No,Environmental,False Alarm – Environmental
S01108,C2027,Office,Burglary,Alarm Triggered,Zone 8 – Control Room,2025-03-10,23:09,3rd,Medium,E05,Mid,9,17,No,No,No,No,User error,False Alarm – User error
S01109,C2024,Home,Technical,Sensor Fault,Zone 3 – Bedroom,2025-01-21,22:42,2nd,Medium,E10,Mid,7,10,No,No,No,No,N/A,Unclassified
S01110,C2028,Office,Fire,Gas Leak,Zone 0 – Control Panel,2025-06-17,00:11,3rd,High,E03,Mid,8,19,No,No,No,No,Dust,False Alarm – Dust
S01111,C2122,Warehouse,Tamper,Cover Removed,Zone 1 – Main Door,2025-02-09,14:13,1st,High,E01,Senior,1,5,No,No,No,No,Power outage,False Alarm – Power outage
S01112,C2146,School,Technical,Sensor Fault,Zone 1 – Main Door,2025-04-09,18:20,2nd,Low,E08,Junior,18,23,No,No,No,No,N/A,Unclassified
S01113,C2006,Home,Tamper,Cover Removed,Zone 9 – Hallway,2025-03-07,07:13,1st,Medium,E07,Junior,14,17,No,No,No,No,User error,False Alarm – User error
S01114,C2021,Home,Tamper,Cover Removed,Zone 3 – Bedroom,2025-05-20,03:25,3rd,High,E10,Mid,7,11,No,No,No,No,Dust,False Alarm – Dust
S01115,C2110,Warehouse,Panic Button,Duress Code,Zone 7 – Storage,2025-02-10,07:05,1st,Critical,E04,Mid,2,78,Yes,Yes,No,Yes,N/A,Forced Entry
S01116,C2112,Warehouse,Burglary,Motion Detected,Zone 7 – Storage,2025-04-28,17:44,2nd,Critical,E03,Mid,5,10,No,No,No,No,Maintenance,False Alarm – Maintenance
S01117,C2149,School,Tamper,Tamper Detected,Zone 8 – Control Room,2025-01-05,16:46,2nd,Medium,E03,Mid,10,23,No,No,No,No,Wind / Vibration,False Alarm – Wind / Vibration
S01118,C2039,Office,Burglary,Glass Break,Zone 0 – Control Panel,2025-03-08,12:00,1st,Critical,E04,Mid,8,16,No,No,No,No,Wind / Vibration,False Alarm – Wind / Vibration
S01119,C2001,Home,Burglary,Glass Break,Zone 4 – Kitchen,2025-03-07,03:33,3rd,Critical,E05,Mid,7,26,Yes,Yes,No,Yes,N/A,Fire Confirmed
S01120,C2140,School,Technical,Sensor Fault,Zone 9 – Hallway,2025-05-20,10:26,1st,Low,E08,Junior,15,27,No,No,No,No,Maintenance,False Alarm – Maintenance
S01121,C2094,Factory,Tamper,Cover Removed,Zone 1 – Main Door,2025-05-05,07:23,1st,Medium,E04,Mid,8,17,No,No,No,No,Wind / Vibration,False Alarm – Wind / Vibration
S01122,C2106,Warehouse,Technical,Power Loss,Zone 7 – Storage,2025-03-20,22:26,2nd,Medium,E06,Junior,12,15,No,No,No,No,Sensor Fault,False Alarm – Sensor Fault
S01123,C2110,Warehouse,Technical,Power Restored,Zone 7 – Storage,2025-02-21,09:29,1st,Low,E03,Mid,6,12,No,No,No,No,N/A,Unclassified
S01124,C2073,Shop,Burglary,Motion Detected,Zone 8 – Control Room,2025-03-05,21:40,2nd,Low,E07,Junior,14,17,No,No,No,No,Animal,False Alarm – Animal
S01125,C2106,Warehouse,Burglary,Alarm Triggered,Zone 1 – Main Door,2025-03-23,07:39,1st,Low,E06,Junior,18,20,No,No,No,No,Environmental,False Alarm – Environmental
S01126,C2108,Warehouse,Burglary,Glass Break,Zone 5 – Garage,2025-05-21,19:54,2nd,Critical,E05,Mid,4,79,Yes,Yes,No,Yes,N/A,Confirmed Intrusion
S01127,C2119,Warehouse,Tamper,Cover Removed,Zone 8 – Control Room,2025-06-30,12:50,1st,Low,E06,Junior,13,19,No,No,No,No,Maintenance,False Alarm – Maintenance
S01128,C2068,Shop,Burglary,Alarm Triggered,Zone 0 – Control Panel,2025-06-03,11:56,1st,Medium,E03,Mid,4,72,Yes,No,No,No,N/A,Confirmed Intrusion
S01129,C2040,Office,Technical,Power Loss,Zone 8 – Control Room,2025-02-07,15:01,2nd,Low,E10,Mid,8,13,No,No,No,No,N/A,Unclassified
S01130,C2101,Warehouse,Burglary,Motion Detected,Zone 1 – Main Door,2025-05-27,05:12,3rd,Critical,E05,Mid,1,38,Yes,Yes,No,Yes,N/A,Forced Entry
S01131,C2041,Office,Fire,Smoke Detected,Zone 0 – Control Panel,2025-06-28,20:33,2nd,Medium,E08,Junior,20,28,No,No,No,No,Environmental,False Alarm – Environmental
S01132,C2142,School,Tamper,Cover Removed,Zone 9 – Hallway,2025-04-12,03:53,3rd,Low,E08,Junior,18,32,No,No,No,No,Wind / Vibration,False Alarm – Wind / Vibration
S01133,C2140,School,Burglary,Motion Detected,Zone 1 – Main Door,2025-04-12,01:01,3rd,Critical,E07,Junior,15,88,Yes,Yes,No,Yes,N/A,Emergency Confirmed
S01134,C2057,Shop,Burglary,Glass Break,Zone 0 – Control Panel,2025-04-09,17:15,2nd,Medium,E07,Junior,15,29,No,No,No,No,Power outage,False Alarm – Power outage
S01135,C2014,Home,Burglary,Glass Break,Zone 3 – Bedroom,2025-02-12,19:42,2nd,Medium,E04,Mid,8,23,No,No,No,No,Maintenance,False Alarm – Maintenance
S01136,C2118,Warehouse,Fire,Smoke Detected,Zone 0 – Control Panel,2025-03-10,00:07,3rd,Medium,E08,Junior,14,62,Yes,No,No,No,N/A,Fire Confirmed
S01137,C2127,School,Burglary,Glass Break,Zone 6 – Office,2025-06-08,16:04,2nd,Critical,E04,Mid,6,73,Yes,Yes,No,Yes,N/A,Confirmed Intrusion
S01138,C2020,Home,Burglary,Motion Detected,Zone 2 – Living Room,2025-03-31,06:40,3rd,Critical,E02,Senior,1,73,Yes,Yes,No,Yes,N/A,Fire Confirmed
S01139,C2003,Home,Burglary,Motion Detected,Zone 2 – Living Room,2025-01-15,17:19,2nd,Low,E06,Junior,6,15,No,No,No,No,Dust,False Alarm – Dust
S01140,C2134,School,Tamper,Tamper Detected,Zone 6 – Office,2025-05-29,23:10,3rd,Low,E05,Mid,3,13,No,No,No,No,Maintenance,False Alarm – Maintenance
S01141,C2094,Factory,Technical,Power Restored,Zone 1 – Main Door,2025-03-03,17:13,2nd,Low,E08,Junior,13,16,No,No,No,No,Maintenance,False Alarm – Maintenance
S01142,C2071,Shop,Burglary,Glass Break,Zone 9 – Hallway,2025-03-05,09:17,1st,Low,E06,Junior,7,16,No,No,No,No,Dust,False Alarm – Dust
S01143,C2132,School,Burglary,Glass Break,Zone 0 – Control Panel,2025-03-26,06:27,3rd,High,E08,Junior,7,57,Yes,Yes,No,Yes,N/A,Forced Entry
S01144,C2080,Factory,Tamper,Tamper Detected,Zone 5 – Garage,2025-01-09,08:37,1st,High,E06,Junior,9,22,No,No,No,No,Maintenance,False Alarm – Maintenance
S01145,C2082,Factory,Burglary,Glass Break,Zone 7 – Storage,2025-03-21,03:52,3rd,Critical,E03,Mid,6,68,Yes,Yes,No,Yes,N/A,Confirmed Intrusion
S01146,C2009,Home,Burglary,Alarm Triggered,Zone 5 – Garage,2025-04-03,14:10,1st,Critical,E04,Mid,8,90,Yes,Yes,No,Yes,N/A,Emergency Confirmed
S01147,C2030,Office,Panic Button,Duress Code,Zone 6 – Office,2025-01-14,05:01,3rd,Critical,E02,Senior,1,25,Yes,Yes,No,Yes,N/A,Fire Confirmed
S01148,C2038,Office,Tamper,Tamper Detected,Zone 8 – Control Room,2025-03-13,04:23,3rd,Low,E03,Mid,6,13,No,No,No,No,N/A,Unclassified
S01149,C2146,School,Tamper,Tamper Detected,Zone 6 – Office,2025-06-13,10:29,1st,Low,E04,Mid,8,13,No,No,No,No,Maintenance,False Alarm – Maintenance
S01150,C2072,Shop,Burglary,Motion Detected,Zone 8 – Control Room,2025-03-28,16:35,2nd,Low,E02,Senior,4,18,No,No,No,No,Wind / Vibration,False Alarm – Wind / Vibration
S01151,C2082,Factory,Burglary,Glass Break,Zone 5 – Garage,2025-03-08,21:20,2nd,Low,E08,Junior,13,21,No,No,No,No,Dust,False Alarm – Dust
S01152,C2116,Warehouse,Tamper,Cover Removed,Zone 5 – Garage,2025-01-02,08:07,1st,High,E08,Junior,11,23,No,No,No,No,Animal,False Alarm – Animal
S01153,C2119,Warehouse,Burglary,Glass Break,Zone 7 – Storage,2025-04-22,07:58,1st,Critical,E03,Mid,8,90,Yes,Yes,No,Yes,N/A,Confirmed Intrusion
S01154,C2005,Home,Burglary,Alarm Triggered,Zone 1 – Main Door,2025-02-24,12:41,1st,Low,E05,Mid,6,12,No,No,No,No,Dust,False Alarm – Dust
S01155,C2089,Factory,Burglary,Glass Break,Zone 0 – Control Panel,2025-06-03,20:48,2nd,High,E09,Junior,12,18,No,No,No,No,N/A,Unclassified
S01156,C2032,Office,Fire,Heat Sensor,Zone 8 – Control Room,2025-05-24,22:31,2nd,Medium,E08,Junior,13,16,No,No,No,No,User error,False Alarm – User error
S01157,C2112,Warehouse,Technical,Power Restored,Zone 5 – Garage,2025-04-25,04:55,3rd,Low,E02,Senior,2,17,No,No,No,No,Sensor Fault,False Alarm – Sensor Fault
S01158,C2014,Home,Burglary,Glass Break,Zone 3 – Bedroom,2025-01-07,23:59,3rd,Low,E09,Junior,14,21,No,No,No,No,Dust,False Alarm – Dust
S01159,C2044,Office,Burglary,Motion Detected,Zone 6 – Office,2025-01-02,05:17,3rd,Critical,E09,Junior,12,45,Yes,Yes,No,Yes,N/A,Forced Entry
S01160,C2032,Office,Fire,Heat Sensor,Zone 9 – Hallway,2025-01-28,22:42,2nd,High,E01,Senior,2,9,No,No,No,No,Dust,False Alarm – Dust
S01161,C2024,Home,Burglary,Alarm Triggered,Zone 3 – Bedroom,2025-01-30,14:14,1st,Low,E02,Senior,4,16,No,No,No,No,User error,False Alarm – User error
S01162,C2020,Home,Fire,Gas Leak,Zone 1 – Main Door,2025-05-08,18:44,2nd,Medium,E07,Junior,10,25,No,No,No,No,Power outage,False Alarm – Power outage
S01163,C2125,Warehouse,Burglary,Alarm Triggered,Zone 1 – Main Door,2025-04-11,13:12,1st,Medium,E09,Junior,10,25,No,No,No,No,Maintenance,False Alarm – Maintenance
S01164,C2080,Factory,Burglary,Motion Detected,Zone 0 – Control Panel,2025-06-18,20:48,2nd,Medium,E03,Mid,8,13,No,No,No,No,User error,False Alarm – User error
S01165,C2116,Warehouse,Burglary,Motion Detected,Zone 0 – Control Panel,2025-02-13,20:24,2nd,Medium,E01,Senior,3,11,No,No,No,No,Dust,False Alarm – Dust
S01166,C2079,Factory,Fire,Heat Sensor,Zone 7 – Storage,2025-06-08,09:43,1st,Medium,E04,Mid,7,35,Yes,No,No,No,N/A,Confirmed Intrusion
S01167,C2118,Warehouse,Tamper,Cover Removed,Zone 5 – Garage,2025-01-02,02:01,3rd,Low,E10,Mid,9,15,No,No,No,No,Dust,False Alarm – Dust
S01168,C2141,School,Technical,Power Loss,Zone 1 – Main Door,2025-02-10,00:59,3rd,Medium,E04,Mid,6,16,No,No,No,No,N/A,Unclassified
S01169,C2086,Factory,Burglary,Alarm Triggered,Zone 1 – Main Door,2025-05-20,21:32,2nd,High,E01,Senior,1,9,No,No,No,No,N/A,Unclassified
S01170,C2076,Factory,Burglary,Alarm Triggered,Zone 5 – Garage,2025-02-01,05:12,3rd,Medium,E08,Junior,12,22,No,No,No,No,Power outage,False Alarm – Power outage
S01171,C2013,Home,Fire,Smoke Detected,Zone 9 – Hallway,2025-05-17,21:06,2nd,Medium,E08,Junior,15,34,Yes,No,No,No,N/A,Emergency Confirmed
S01172,C2137,School,Burglary,Alarm Triggered,Zone 1 – Main Door,2025-05-14,02:04,3rd,Medium,E04,Mid,5,13,No,No,No,No,Power outage,False Alarm – Power outage
S01173,C2057,Shop,Burglary,Motion Detected,Zone 8 – Control Room,2025-03-23,21:06,2nd,High,E09,Junior,10,17,No,No,No,No,User error,False Alarm – User error
S01174,C2074,Shop,Technical,Low Battery,Zone 8 – Control Room,2025-04-12,11:45,1st,Low,E03,Mid,7,20,No,No,No,No,N/A,Unclassified
S01175,C2062,Shop,Technical,Power Loss,Zone 6 – Office,2025-02-27,11:54,1st,Low,E01,Senior,4,13,No,No,No,No,Sensor Fault,False Alarm – Sensor Fault
S01176,C2122,Warehouse,Fire,Gas Leak,Zone 8 – Control Room,2025-02-21,01:00,3rd,Medium,E08,Junior,10,58,Yes,No,No,No,N/A,Confirmed Intrusion
S01177,C2003,Home,Burglary,Alarm Triggered,Zone 5 – Garage,2025-04-28,01:43,3rd,Critical,E01,Senior,2,48,Yes,Yes,No,Yes,N/A,Forced Entry
S01178,C2005,Home,Technical,Power Loss,Zone 5 – Garage,2025-04-24,08:02,1st,Low,E04,Mid,10,24,No,No,No,No,Maintenance,False Alarm – Maintenance
S01179,C2025,Home,Fire,Gas Leak,Zone 1 – Main Door,2025-01-30,09:49,1st,Critical,E03,Mid,10,94,Yes,No,Yes,Yes,N/A,Emergency Confirmed
S01180,C2094,Factory,Burglary,Glass Break,Zone 0 – Control Panel,2025-02-13,14:16,1st,High,E01,Senior,2,83,Yes,Yes,No,Yes,N/A,Forced Entry
S01181,C2133,School,Tamper,Tamper Detected,Zone 1 – Main Door,2025-02-10,16:17,2nd,High,E08,Junior,10,17,No,No,No,No,User error,False Alarm – User error
S01182,C2063,Shop,Tamper,Cover Removed,Zone 7 – Storage,2025-03-10,22:01,2nd,Medium,E07,Junior,8,20,No,No,No,No,Power outage,False Alarm – Power outage
S01183,C2140,School,Tamper,Tamper Detected,Zone 0 – Control Panel,2025-06-20,16:17,2nd,Medium,E05,Mid,7,15,No,No,No,No,Dust,False Alarm – Dust
S01184,C2080,Factory,Fire,Smoke Detected,Zone 5 – Garage,2025-03-08,05:17,3rd,Critical,E06,Junior,8,17,No,No,No,No,Environmental,False Alarm – Environmental
S01185,C2029,Office,Fire,Gas Leak,Zone 1 – Main Door,2025-02-22,12:18,1st,High,E09,Junior,12,23,No,No,No,No,Dust,False Alarm – Dust
S01186,C2125,Warehouse,Fire,Smoke Detected,Zone 7 – Storage,2025-01-11,17:19,2nd,Critical,E01,Senior,3,54,Yes,No,Yes,Yes,N/A,Confirmed Intrusion
S01187,C2079,Factory,Tamper,Cover Removed,Zone 1 – Main Door,2025-04-14,07:31,1st,Medium,E03,Mid,3,9,No,No,No,No,N/A,Unclassified
S01188,C2073,Shop,Fire,Heat Sensor,Zone 7 – Storage,2025-05-05,09:22,1st,High,E02,Senior,2,15,No,No,No,No,User error,False Alarm – User error
S01189,C2150,School,Tamper,Cover Removed,Zone 1 – Main Door,2025-03-14,10:27,1st,Low,E07,Junior,12,26,No,No,No,No,User error,False Alarm – User error
S01190,C2103,Warehouse,Panic Button,Duress Code,Zone 1 – Main Door,2025-01-26,21:27,2nd,Critical,E02,Senior,3,73,Yes,Yes,No,Yes,N/A,Emergency Confirmed
S01191,C2052,Shop,Tamper,Tamper Detected,Zone 0 – Control Panel,2025-06-06,17:43,2nd,High,E05,Mid,5,11,No,No,No,No,Animal,False Alarm – Animal
S01192,C2047,Office,Burglary,Alarm Triggered,Zone 0 – Control Panel,2025-01-23,22:34,2nd,Low,E04,Mid,9,19,No,No,No,No,Dust,False Alarm – Dust
S01193,C2091,Factory,Technical,Sensor Fault,Zone 0 – Control Panel,2025-04-16,20:29,2nd,Medium,E05,Mid,8,10,No,No,No,No,N/A,Unclassified
S01194,C2108,Warehouse,Burglary,Glass Break,Zone 1 – Main Door,2025-06-10,15:49,2nd,High,E07,Junior,10,14,No,No,No,No,Dust,False Alarm – Dust
S01195,C2101,Warehouse,Fire,Gas Leak,Zone 5 – Garage,2025-04-27,19:03,2nd,Medium,E10,Mid,4,13,No,No,No,No,Maintenance,False Alarm – Maintenance
S01196,C2015,Home,Technical,Low Battery,Zone 3 – Bedroom,2025-06-15,07:05,1st,Low,E09,Junior,5,16,No,No,No,No,Sensor Fault,False Alarm – Sensor Fault
S01197,C2085,Factory,Panic Button,Emergency Triggered,Zone 1 – Main Door,2025-04-16,06:44,3rd,High,E05,Mid,6,92,Yes,Yes,No,Yes,N/A,Forced Entry
S01198,C2040,Office,Technical,Power Loss,Zone 8 – Control Room,2025-06-06,09:14,1st,Low,E05,Mid,4,7,No,No,No,No,Maintenance,False Alarm – Maintenance
S01199,C2040,Office,Tamper,Tamper Detected,Zone 9 – Hallway,2025-01-26,16:00,2nd,Low,E06,Junior,10,25,No,No,No,No,Animal,False Alarm – Animal
S01200,C2015,Home,Fire,Gas Leak,Zone 1 – Main Door,2025-06-27,06:25,3rd,Critical,E02,Senior,2,47,Yes,No,Yes,Yes,N/A,Emergency Confirmed
